grant_id,pi_id,award_amount,funding_agency,start_date,end_date,department,status,publication_count
GNT_0000000000,FAC_00000405,219437,NSF,2018-11-13,2022-11-12,College of Natural Sciences,Completed,12
GNT_0000000001,FAC_00000444,290375,Private Foundation,2018-09-22,2021-09-21,College of Natural Sciences,Completed,7
GNT_0000000002,FAC_00000644,241851,DOE,2018-06-03,2022-06-02,College of Natural Sciences,Completed,7
GNT_0000000003,FAC_00000503,1487554,DOE,2019-10-25,2020-10-24,College of Natural Sciences,Completed,18
GNT_0000000004,FAC_00000475,59333,Industrial Partner,2023-06-07,2026-06-06,College of Natural Sciences,Completed,1
GNT_0000000005,FAC_00000544,807419,USDA,2021-11-15,2023-11-15,College of Natural Sciences,Completed,20
GNT_0000000006,FAC_00000271,32359,DOC,2021-08-09,2023-08-09,College of Natural Sciences,Completed,0
GNT_0000000007,FAC_00000464,1996750,USDA,2024-10-23,2029-10-22,College of Natural Sciences,Active,102
GNT_0000000008,FAC_00000022,147413,DOC,2023-03-13,2026-03-12,College of Natural Sciences,Completed,7
GNT_0000000009,FAC_00000166,2056642,NIH,2018-07-21,2020-07-20,College of Natural Sciences,Completed,43
GNT_0000000010,FAC_00000202,215170,NSF,2024-11-07,2029-11-06,College of Natural Sciences,Active,10
GNT_0000000011,FAC_00000206,1658132,DOC,2022-03-20,2027-03-19,College of Natural Sciences,Active,75
GNT_0000000012,FAC_00000476,460123,USDA,2021-12-11,2022-12-11,College of Natural Sciences,Completed,9
GNT_0000000013,FAC_00000279,67634,NIH,2022-07-08,2025-07-07,College of Natural Sciences,Completed,3
GNT_0000000014,FAC_00000521,5000000,NIH,2019-05-06,2022-05-05,College of Natural Sciences,Completed,147
GNT_0000000015,FAC_00000665,47408,DOC,2021-08-16,2024-08-15,College of Natural Sciences,Completed,3
GNT_0000000016,FAC_00000476,166581,DOD,2022-08-11,2025-08-10,College of Natural Sciences,Completed,4
GNT_0000000017,FAC_00000273,31794,DOE,2019-03-06,2022-03-05,College of Natural Sciences,Completed,1
GNT_0000000018,FAC_00000559,172611,DOD,2022-06-19,2023-06-19,College of Natural Sciences,Completed,1
GNT_0000000019,FAC_00000165,782375,DOD,2020-03-01,2025-02-28,College of Natural Sciences,Completed,35
GNT_0000000020,FAC_00000393,128991,NSF,2024-07-03,2027-07-03,College of Natural Sciences,Active,2
GNT_0000000021,FAC_00000410,186614,DOD,2019-07-12,2020-07-11,College of Natural Sciences,Completed,0
GNT_0000000022,FAC_00000028,37374,NSF,2018-09-03,2023-09-02,College of Natural Sciences,Completed,2
GNT_0000000023,FAC_00000470,550312,DOE,2019-03-26,2020-03-25,College of Natural Sciences,Completed,6
GNT_0000000024,FAC_00000633,415173,USDA,2020-10-05,2024-10-04,College of Natural Sciences,Completed,22
GNT_0000000025,FAC_00000615,78700,Industrial Partner,2019-01-21,2022-01-20,College of Natural Sciences,Completed,2
GNT_0000000026,FAC_00000524,500283,DOD,2020-06-19,2022-06-19,College of Natural Sciences,Completed,11
GNT_0000000027,FAC_00000192,154607,NIH,2023-12-06,2026-12-05,College of Natural Sciences,Active,5
GNT_0000000028,FAC_00000392,6169,EPA,2024-03-19,2029-03-18,College of Natural Sciences,Active,1
GNT_0000000029,FAC_00000004,430861,Industrial Partner,2021-05-04,2024-05-03,College of Natural Sciences,Completed,12
GNT_0000000030,FAC_00000415,43020,NIH,2023-02-11,2025-02-10,College of Natural Sciences,Completed,1
GNT_0000000031,FAC_00000547,1107120,DOC,2024-07-07,2029-07-06,College of Natural Sciences,Active,53
GNT_0000000032,FAC_00000584,288352,DOE,2021-01-05,2024-01-05,College of Natural Sciences,Completed,10
GNT_0000000033,FAC_00000090,27158,DOE,2018-10-11,2021-10-10,College of Natural Sciences,Completed,1
GNT_0000000034,FAC_00000680,100908,DOC,2021-06-25,2026-06-24,College of Natural Sciences,Completed,2
GNT_0000000035,FAC_00000359,290863,Private Foundation,2022-11-23,2024-11-22,College of Natural Sciences,Completed,4
GNT_0000000036,FAC_00000453,3247467,DOD,2023-10-13,2027-10-12,College of Natural Sciences,Active,125
GNT_0000000037,FAC_00000253,1069831,DOC,2021-04-14,2023-04-14,College of Natural Sciences,Completed,23
GNT_0000000038,FAC_00000090,160253,USDA,2018-04-15,2020-04-14,College of Natural Sciences,Completed,1
GNT_0000000039,FAC_00000471,89294,Private Foundation,2022-11-24,2023-11-24,College of Natural Sciences,Completed,2
GNT_0000000040,FAC_00000354,207047,NSF,2019-03-21,2021-03-20,College of Natural Sciences,Completed,4
GNT_0000000041,FAC_00000626,391182,EPA,2021-07-06,2026-07-05,College of Natural Sciences,Cancelled,16
GNT_0000000042,FAC_00000580,50279,USDA,2020-10-24,2023-10-24,College of Natural Sciences,Completed,1
GNT_0000000043,FAC_00000250,147093,DOC,2020-05-22,2025-05-21,College of Natural Sciences,Cancelled,11
GNT_0000000044,FAC_00000001,583993,Private Foundation,2024-03-02,2029-03-01,College of Natural Sciences,Active,25
GNT_0000000045,FAC_00000168,525151,Private Foundation,2021-07-13,2022-07-13,College of Natural Sciences,Completed,8
GNT_0000000046,FAC_00000209,436408,NSF,2024-02-11,2028-02-10,College of Natural Sciences,Active,16
GNT_0000000047,FAC_00000359,2108771,DOD,2023-11-09,2024-11-08,College of Natural Sciences,Completed,21
GNT_0000000048,FAC_00000696,243141,DOC,2019-10-17,2022-10-16,College of Natural Sciences,Completed,4
GNT_0000000049,FAC_00000183,249235,DOE,2023-01-21,2027-01-20,College of Natural Sciences,Active,7
GNT_0000000050,FAC_00000581,1131565,Industrial Partner,2021-11-18,2023-11-18,College of Natural Sciences,Completed,31
GNT_0000000051,FAC_00000335,11093,DOE,2023-06-04,2027-06-03,College of Natural Sciences,Active,1
GNT_0000000052,FAC_00000298,2148284,Industrial Partner,2018-04-07,2020-04-06,College of Natural Sciences,Completed,41
GNT_0000000053,FAC_00000099,170054,NSF,2021-12-04,2023-12-04,College of Natural Sciences,Completed,5
GNT_0000000054,FAC_00000161,251795,DOD,2024-04-21,2028-04-20,College of Natural Sciences,Active,11
GNT_0000000055,FAC_00000302,9481,Industrial Partner,2019-09-25,2021-09-24,College of Natural Sciences,Completed,1
GNT_0000000056,FAC_00000658,29750,NIH,2022-01-02,2024-01-02,College of Natural Sciences,Completed,1
GNT_0000000057,FAC_00000284,27938,EPA,2024-05-19,2027-05-19,College of Natural Sciences,Active,2
GNT_0000000058,FAC_00000546,11669,NIH,2024-09-28,2028-09-27,College of Natural Sciences,Active,0
GNT_0000000059,FAC_00000376,225158,EPA,2023-04-23,2027-04-22,College of Natural Sciences,Active,7
GNT_0000000060,FAC_00000381,47532,Industrial Partner,2023-03-03,2025-03-02,College of Natural Sciences,Completed,0
GNT_0000000061,FAC_00000591,535270,EPA,2022-11-03,2027-11-02,College of Natural Sciences,Active,29
GNT_0000000062,FAC_00000310,3218721,EPA,2018-03-28,2021-03-27,College of Natural Sciences,Completed,90
GNT_0000000063,FAC_00000502,138015,Private Foundation,2021-03-04,2022-03-04,College of Natural Sciences,Completed,3
GNT_0000000064,FAC_00000266,82142,USDA,2023-03-26,2027-03-25,College of Natural Sciences,Active,4
GNT_0000000065,FAC_00000035,394562,EPA,2020-02-12,2024-02-11,College of Natural Sciences,Completed,19
GNT_0000000066,FAC_00000647,164485,DOE,2024-12-10,2027-12-10,College of Natural Sciences,Active,4
GNT_0000000067,FAC_00000148,314455,EPA,2024-09-22,2029-09-21,College of Natural Sciences,Active,12
GNT_0000000068,FAC_00000134,12024,Industrial Partner,2018-02-23,2021-02-22,College of Natural Sciences,Completed,1
GNT_0000000069,FAC_00000190,3236451,EPA,2023-06-18,2026-06-17,College of Natural Sciences,Completed,96
GNT_0000000070,FAC_00000499,374868,DOC,2023-03-28,2026-03-27,College of Natural Sciences,Completed,12
GNT_0000000071,FAC_00000525,206261,EPA,2024-07-18,2028-07-17,College of Natural Sciences,Active,12
GNT_0000000072,FAC_00000433,108172,NSF,2024-07-18,2029-07-17,College of Natural Sciences,Active,3
GNT_0000000073,FAC_00000116,25161,NSF,2019-08-13,2021-08-12,College of Natural Sciences,Completed,0
GNT_0000000074,FAC_00000016,98992,DOE,2024-05-01,2026-05-01,College of Natural Sciences,Completed,1
GNT_0000000075,FAC_00000201,11632,DOE,2019-02-25,2020-02-25,College of Natural Sciences,Completed,0
GNT_0000000076,FAC_00000252,35853,DOD,2018-10-04,2021-10-03,College of Natural Sciences,Completed,2
GNT_0000000077,FAC_00000524,22270,Industrial Partner,2018-09-11,2020-09-10,College of Natural Sciences,Completed,0
GNT_0000000078,FAC_00000196,144049,DOE,2024-05-18,2026-05-18,College of Natural Sciences,Completed,3
GNT_0000000079,FAC_00000657,33983,NSF,2019-09-02,2021-09-01,College of Natural Sciences,Completed,0
GNT_0000000080,FAC_00000023,22157,NIH,2021-07-10,2023-07-10,College of Natural Sciences,Completed,0
GNT_0000000081,FAC_00000362,236624,USDA,2020-05-25,2022-05-25,College of Natural Sciences,Completed,6
GNT_0000000082,FAC_00000690,59307,DOE,2024-03-27,2027-03-27,College of Natural Sciences,Active,1
GNT_0000000083,FAC_00000150,338934,Industrial Partner,2021-11-01,2026-10-31,College of Natural Sciences,Active,17
GNT_0000000084,FAC_00000167,244474,EPA,2019-01-26,2021-01-25,College of Natural Sciences,Completed,6
GNT_0000000085,FAC_00000043,26671,Industrial Partner,2018-07-06,2020-07-05,College of Natural Sciences,Completed,1
GNT_0000000086,FAC_00000385,3699453,DOE,2019-10-17,2022-10-16,College of Natural Sciences,Completed,120
GNT_0000000087,FAC_00000088,236081,Industrial Partner,2018-08-15,2021-08-14,College of Natural Sciences,Completed,3
GNT_0000000088,FAC_00000242,37121,USDA,2020-11-17,2024-11-16,College of Natural Sciences,Completed,1
GNT_0000000089,FAC_00000162,160501,DOE,2021-08-08,2024-08-07,College of Natural Sciences,Completed,6
GNT_0000000090,FAC_00000115,88728,DOE,2023-06-17,2024-06-16,College of Natural Sciences,Completed,2
GNT_0000000091,FAC_00000142,154999,DOD,2024-06-25,2029-06-24,College of Natural Sciences,Active,7
GNT_0000000092,FAC_00000348,24454,USDA,2022-12-13,2025-12-12,College of Natural Sciences,Completed,1
GNT_0000000093,FAC_00000679,54236,Private Foundation,2019-11-13,2022-11-12,College of Natural Sciences,Completed,4
GNT_0000000094,FAC_00000623,589151,Industrial Partner,2023-05-28,2027-05-27,College of Natural Sciences,Active,26
GNT_0000000095,FAC_00000630,24176,DOE,2023-07-24,2025-07-23,College of Natural Sciences,Completed,1
GNT_0000000096,FAC_00000079,376385,USDA,2018-05-25,2021-05-24,College of Natural Sciences,Cancelled,7
GNT_0000000097,FAC_00000392,146579,EPA,2022-12-04,2023-12-04,College of Natural Sciences,Completed,2
GNT_0000000098,FAC_00000005,28210,USDA,2019-10-14,2022-10-13,College of Natural Sciences,Completed,1
GNT_0000000099,FAC_00000147,147536,DOD,2019-12-05,2023-12-04,College of Natural Sciences,Completed,12
GNT_0000000100,FAC_00000521,48079,EPA,2024-04-10,2025-04-10,College of Natural Sciences,Cancelled,0
GNT_0000000101,FAC_00000323,408737,NIH,2018-11-06,2020-11-05,College of Natural Sciences,Completed,8
GNT_0000000102,FAC_00000291,87074,Industrial Partner,2018-02-20,2021-02-19,College of Natural Sciences,Completed,2
GNT_0000000103,FAC_00000638,274935,DOD,2019-03-23,2022-03-22,College of Natural Sciences,Completed,9
GNT_0000000104,FAC_00000050,363279,Industrial Partner,2020-07-26,2023-07-26,College of Natural Sciences,Completed,11
GNT_0000000105,FAC_00000331,106028,DOE,2021-03-06,2026-03-05,College of Natural Sciences,Completed,4
GNT_0000000106,FAC_00000200,521664,NSF,2019-02-07,2021-02-06,College of Natural Sciences,Completed,19
GNT_0000000107,FAC_00000397,716430,Private Foundation,2018-03-01,2020-02-29,College of Natural Sciences,Completed,14
GNT_0000000108,FAC_00000360,273092,NIH,2020-05-23,2022-05-23,College of Natural Sciences,Completed,6
GNT_0000000109,FAC_00000515,138021,DOD,2023-02-02,2027-02-01,College of Natural Sciences,Active,6
GNT_0000000110,FAC_00000610,72698,USDA,2024-05-06,2026-05-06,College of Natural Sciences,Completed,1
GNT_0000000111,FAC_00000410,362823,EPA,2024-10-09,2025-10-09,College of Natural Sciences,Completed,1
GNT_0000000112,FAC_00000654,2467376,DOD,2020-09-07,2024-09-06,College of Natural Sciences,Completed,93
GNT_0000000113,FAC_00000347,106060,USDA,2018-02-10,2020-02-10,College of Natural Sciences,Completed,1
GNT_0000000114,FAC_00000254,1499687,DOE,2024-12-16,2029-12-15,College of Natural Sciences,Active,70
GNT_0000000115,FAC_00000082,5000000,DOD,2024-09-19,2026-09-19,College of Natural Sciences,Active,97
GNT_0000000116,FAC_00000521,234859,DOC,2021-12-28,2026-12-27,College of Natural Sciences,Active,11
GNT_0000000117,FAC_00000083,205541,DOD,2022-02-03,2024-02-03,College of Natural Sciences,Completed,6
GNT_0000000118,FAC_00000365,48960,Private Foundation,2019-08-28,2024-08-26,College of Natural Sciences,Completed,2
GNT_0000000119,FAC_00000614,56720,NSF,2022-10-15,2023-10-15,College of Natural Sciences,Completed,0
GNT_0000000120,FAC_00000675,61257,Private Foundation,2019-03-27,2022-03-26,College of Natural Sciences,Completed,2
GNT_0000000121,FAC_00000664,534034,USDA,2020-07-19,2022-07-19,College of Natural Sciences,Completed,15
GNT_0000000122,FAC_00000597,20520,Industrial Partner,2023-10-20,2026-10-19,College of Natural Sciences,Active,1
GNT_0000000123,FAC_00000053,188275,Industrial Partner,2021-10-09,2023-10-09,College of Natural Sciences,Completed,4
GNT_0000000124,FAC_00000186,644881,USDA,2023-10-23,2024-10-22,College of Natural Sciences,Completed,7
GNT_0000000125,FAC_00000651,910561,Industrial Partner,2024-09-04,2026-09-04,College of Natural Sciences,Active,15
GNT_0000000126,FAC_00000579,684415,DOE,2021-11-06,2025-11-05,College of Natural Sciences,Completed,23
GNT_0000000127,FAC_00000577,4952648,USDA,2022-09-23,2027-09-22,College of Natural Sciences,Active,235
GNT_0000000128,FAC_00000325,501214,Industrial Partner,2018-04-04,2021-04-03,College of Natural Sciences,Completed,11
GNT_0000000129,FAC_00000033,101432,EPA,2021-12-18,2023-12-18,College of Natural Sciences,Completed,3
GNT_0000000130,FAC_00000502,1899003,NIH,2022-01-02,2024-01-02,College of Natural Sciences,Completed,38
GNT_0000000131,FAC_00000327,136950,NIH,2021-04-14,2022-04-14,College of Natural Sciences,Completed,2
GNT_0000000132,FAC_00000242,30971,NIH,2018-07-14,2022-07-13,College of Natural Sciences,Completed,4
GNT_0000000133,FAC_00000165,168699,Industrial Partner,2018-01-24,2021-01-23,College of Natural Sciences,Completed,3
GNT_0000000134,FAC_00000609,112304,DOE,2019-12-24,2022-12-23,College of Natural Sciences,Completed,4
GNT_0000000135,FAC_00000053,391681,USDA,2024-03-23,2027-03-23,College of Natural Sciences,Active,9
GNT_0000000136,FAC_00000229,394707,Industrial Partner,2018-01-02,2020-01-02,College of Natural Sciences,Completed,7
GNT_0000000137,FAC_00000666,214612,EPA,2023-01-12,2028-01-11,College of Natural Sciences,Active,18
GNT_0000000138,FAC_00000279,478933,NSF,2021-04-24,2025-04-23,College of Natural Sciences,Completed,16
GNT_0000000139,FAC_00000071,95486,DOC,2021-03-18,2022-03-18,College of Natural Sciences,Completed,0
GNT_0000000140,FAC_00000654,168753,EPA,2018-06-07,2020-06-06,College of Natural Sciences,Completed,4
GNT_0000000141,FAC_00000445,43812,Private Foundation,2021-09-13,2025-09-12,College of Natural Sciences,Completed,1
GNT_0000000142,FAC_00000036,219643,USDA,2023-04-28,2025-04-27,College of Natural Sciences,Completed,2
GNT_0000000143,FAC_00000141,61791,Industrial Partner,2021-02-01,2024-02-01,College of Natural Sciences,Completed,3
GNT_0000000144,FAC_00000583,15776,EPA,2023-06-21,2027-06-20,College of Natural Sciences,Active,0
GNT_0000000145,FAC_00000015,5000000,DOE,2020-01-11,2023-01-10,College of Natural Sciences,Completed,143
GNT_0000000146,FAC_00000351,1312499,NSF,2019-03-09,2021-03-08,College of Natural Sciences,Completed,40
GNT_0000000147,FAC_00000427,74437,NSF,2021-04-17,2026-04-16,College of Natural Sciences,Cancelled,5
GNT_0000000148,FAC_00000185,2527197,DOC,2023-04-18,2025-04-17,College of Natural Sciences,Completed,45
GNT_0000000149,FAC_00000476,729784,NIH,2018-12-01,2019-12-01,College of Natural Sciences,Completed,10
GNT_0000000150,FAC_00000030,64742,Private Foundation,2018-06-18,2023-06-17,College of Natural Sciences,Completed,2
GNT_0000000151,FAC_00000274,234803,USDA,2019-12-06,2020-12-05,College of Natural Sciences,Completed,2
GNT_0000000152,FAC_00000330,1666871,DOD,2020-07-27,2022-07-27,College of Natural Sciences,Completed,34
GNT_0000000153,FAC_00000116,7577,NSF,2024-10-06,2028-10-05,College of Natural Sciences,Active,0
GNT_0000000154,FAC_00000495,2074547,Industrial Partner,2022-11-25,2025-11-24,College of Natural Sciences,Completed,67
GNT_0000000155,FAC_00000009,114980,Industrial Partner,2023-10-25,2025-10-24,College of Natural Sciences,Completed,4
GNT_0000000156,FAC_00000067,192968,EPA,2023-10-02,2027-10-01,College of Natural Sciences,Active,5
GNT_0000000157,FAC_00000622,487015,DOC,2023-01-15,2026-01-14,College of Natural Sciences,Completed,20
GNT_0000000158,FAC_00000501,31487,Private Foundation,2020-07-18,2021-07-18,College of Natural Sciences,Completed,0
GNT_0000000159,FAC_00000371,3269416,NSF,2022-12-14,2024-12-13,College of Natural Sciences,Completed,71
GNT_0000000160,FAC_00000653,1597040,DOC,2020-03-27,2023-03-27,College of Natural Sciences,Completed,48
GNT_0000000161,FAC_00000385,1230857,DOC,2020-08-25,2022-08-25,College of Natural Sciences,Completed,21
GNT_0000000162,FAC_00000466,36719,EPA,2022-07-08,2024-07-07,College of Natural Sciences,Completed,0
GNT_0000000163,FAC_00000411,172461,NSF,2023-04-06,2026-04-05,College of Natural Sciences,Completed,2
GNT_0000000164,FAC_00000463,258004,Industrial Partner,2021-09-07,2024-09-06,College of Natural Sciences,Completed,6
GNT_0000000165,FAC_00000654,33521,Industrial Partner,2023-09-20,2028-09-18,College of Natural Sciences,Active,0
GNT_0000000166,FAC_00000459,341440,Private Foundation,2021-07-22,2023-07-22,College of Natural Sciences,Completed,8
GNT_0000000167,FAC_00000695,36854,NSF,2023-04-07,2027-04-06,College of Natural Sciences,Active,0
GNT_0000000168,FAC_00000391,161576,Industrial Partner,2020-08-14,2024-08-13,College of Natural Sciences,Completed,13
GNT_0000000169,FAC_00000572,106235,NIH,2024-12-03,2026-12-03,College of Natural Sciences,Active,1
GNT_0000000170,FAC_00000509,119765,DOE,2024-09-11,2029-09-10,College of Natural Sciences,Active,0
GNT_0000000171,FAC_00000243,23330,DOD,2022-11-04,2025-11-03,College of Natural Sciences,Completed,0
GNT_0000000172,FAC_00000124,244208,Private Foundation,2019-11-18,2024-11-16,College of Natural Sciences,Completed,16
GNT_0000000173,FAC_00000139,784011,Private Foundation,2023-07-06,2027-07-05,College of Natural Sciences,Active,27
GNT_0000000174,FAC_00000143,67249,DOC,2021-07-15,2023-07-15,College of Natural Sciences,Completed,1
GNT_0000000175,FAC_00000181,96257,NIH,2021-02-08,2025-02-07,College of Natural Sciences,Completed,5
GNT_0000000176,FAC_00000632,178357,USDA,2021-07-18,2025-07-17,College of Natural Sciences,Completed,6
GNT_0000000177,FAC_00000312,1403270,DOC,2018-05-25,2020-05-24,College of Natural Sciences,Completed,33
GNT_0000000178,FAC_00000243,2994828,DOD,2022-02-01,2026-01-31,College of Natural Sciences,Completed,114
GNT_0000000179,FAC_00000280,172242,NIH,2020-02-07,2022-02-06,College of Natural Sciences,Completed,3
GNT_0000000180,FAC_00000478,15585,DOE,2021-03-22,2023-03-22,College of Natural Sciences,Completed,1
GNT_0000000181,FAC_00000137,87439,NSF,2018-09-26,2021-09-25,College of Natural Sciences,Completed,2
GNT_0000000182,FAC_00000627,583818,DOC,2024-03-07,2027-03-07,College of Natural Sciences,Active,17
GNT_0000000183,FAC_00000242,112542,Industrial Partner,2021-04-23,2024-04-22,College of Natural Sciences,Completed,1
GNT_0000000184,FAC_00000089,21162,DOE,2018-10-05,2021-10-04,College of Natural Sciences,Completed,1
GNT_0000000185,FAC_00000667,22447,USDA,2020-02-22,2022-02-21,College of Natural Sciences,Completed,0
GNT_0000000186,FAC_00000068,81290,EPA,2021-09-28,2024-09-27,College of Natural Sciences,Completed,4
GNT_0000000187,FAC_00000581,662194,USDA,2021-09-24,2024-09-23,College of Natural Sciences,Completed,16
GNT_0000000188,FAC_00000223,25424,NSF,2023-04-12,2025-04-11,College of Natural Sciences,Completed,1
GNT_0000000189,FAC_00000558,3433909,DOC,2024-03-15,2027-03-15,College of Natural Sciences,Active,89
GNT_0000000190,FAC_00000165,782596,USDA,2018-12-20,2022-12-19,College of Natural Sciences,Completed,28
GNT_0000000191,FAC_00000613,117777,DOC,2020-12-28,2023-12-28,College of Natural Sciences,Completed,2
GNT_0000000192,FAC_00000221,75178,DOD,2018-02-17,2021-02-16,College of Natural Sciences,Completed,1
GNT_0000000193,FAC_00000312,1699568,DOE,2024-08-11,2025-08-11,College of Natural Sciences,Completed,17
GNT_0000000194,FAC_00000097,174853,NIH,2020-12-25,2022-12-25,College of Natural Sciences,Completed,4
GNT_0000000195,FAC_00000284,1189322,Industrial Partner,2021-12-23,2024-12-22,College of Natural Sciences,Completed,37
GNT_0000000196,FAC_00000059,453481,DOC,2019-01-13,2020-01-13,College of Natural Sciences,Completed,8
GNT_0000000197,FAC_00000446,231957,NIH,2019-08-16,2021-08-15,College of Natural Sciences,Completed,1
GNT_0000000198,FAC_00000554,89315,DOE,2023-07-04,2026-07-03,College of Natural Sciences,Completed,1
GNT_0000000199,FAC_00000511,27196,EPA,2018-11-02,2022-11-01,College of Natural Sciences,Completed,0
GNT_0000000200,FAC_00000603,123098,NIH,2023-07-25,2026-07-24,College of Natural Sciences,Active,6
GNT_0000000201,FAC_00000488,237782,NSF,2024-11-24,2029-11-23,College of Natural Sciences,Active,14
GNT_0000000202,FAC_00000161,3039486,NSF,2018-06-27,2019-06-27,College of Natural Sciences,Completed,30
GNT_0000000203,FAC_00000214,345151,DOE,2020-10-06,2021-10-06,College of Natural Sciences,Completed,4
GNT_0000000204,FAC_00000449,72270,Private Foundation,2018-01-21,2020-01-21,College of Natural Sciences,Completed,1
GNT_0000000205,FAC_00000489,14593,DOE,2019-09-17,2020-09-16,College of Natural Sciences,Completed,0
GNT_0000000206,FAC_00000358,32979,Industrial Partner,2022-02-28,2026-02-27,College of Natural Sciences,Completed,1
GNT_0000000207,FAC_00000235,479347,NSF,2021-11-27,2024-11-26,College of Natural Sciences,Completed,14
GNT_0000000208,FAC_00000473,34819,DOE,2018-05-08,2020-05-07,College of Natural Sciences,Completed,0
GNT_0000000209,FAC_00000487,84413,NSF,2021-02-20,2023-02-20,College of Natural Sciences,Completed,2
GNT_0000000210,FAC_00000171,201627,DOC,2020-03-15,2022-03-15,College of Natural Sciences,Completed,3
GNT_0000000211,FAC_00000588,60651,DOC,2019-10-15,2021-10-14,College of Natural Sciences,Completed,1
GNT_0000000212,FAC_00000615,56127,DOD,2018-07-04,2020-07-03,College of Natural Sciences,Completed,1
GNT_0000000213,FAC_00000662,817724,DOD,2019-08-17,2023-08-16,College of Natural Sciences,Completed,31
GNT_0000000214,FAC_00000571,148537,NIH,2018-12-04,2021-12-03,College of Natural Sciences,Completed,5
GNT_0000000215,FAC_00000080,33194,NIH,2018-06-19,2022-06-18,College of Natural Sciences,Completed,1
GNT_0000000216,FAC_00000235,208353,NIH,2024-07-19,2028-07-18,College of Natural Sciences,Active,9
GNT_0000000217,FAC_00000468,50220,NSF,2018-09-21,2021-09-20,College of Natural Sciences,Completed,1
GNT_0000000218,FAC_00000350,130055,DOC,2019-04-18,2021-04-17,College of Natural Sciences,Completed,1
GNT_0000000219,FAC_00000415,187933,Private Foundation,2022-12-10,2026-12-09,College of Natural Sciences,Active,12
GNT_0000000220,FAC_00000337,52147,DOD,2023-06-22,2026-06-21,College of Natural Sciences,Completed,0
GNT_0000000221,FAC_00000502,2926826,NIH,2023-08-06,2026-08-05,College of Natural Sciences,Active,95
GNT_0000000222,FAC_00000493,465868,USDA,2021-12-22,2023-12-22,College of Natural Sciences,Completed,14
GNT_0000000223,FAC_00000048,842081,Private Foundation,2024-01-23,2027-01-22,College of Natural Sciences,Active,11
GNT_0000000224,FAC_00000026,1411717,NSF,2020-12-05,2021-12-05,College of Natural Sciences,Completed,14
GNT_0000000225,FAC_00000325,36125,Private Foundation,2019-12-13,2022-12-12,College of Natural Sciences,Completed,0
GNT_0000000226,FAC_00000457,539405,NSF,2018-07-12,2021-07-11,College of Natural Sciences,Completed,22
GNT_0000000227,FAC_00000487,261017,DOC,2020-12-27,2022-12-27,College of Natural Sciences,Completed,3
GNT_0000000228,FAC_00000596,243491,USDA,2021-07-18,2023-07-18,College of Natural Sciences,Completed,3
GNT_0000000229,FAC_00000273,18775,NSF,2018-07-25,2020-07-24,College of Natural Sciences,Completed,0
GNT_0000000230,FAC_00000621,221445,DOD,2022-03-20,2024-03-19,College of Natural Sciences,Completed,3
GNT_0000000231,FAC_00000504,159840,Industrial Partner,2020-06-19,2023-06-19,College of Natural Sciences,Completed,7
GNT_0000000232,FAC_00000274,237099,EPA,2019-02-05,2021-02-04,College of Natural Sciences,Completed,4
GNT_0000000233,FAC_00000398,143784,DOE,2023-06-15,2026-06-14,College of Natural Sciences,Completed,5
GNT_0000000234,FAC_00000169,7812,NSF,2021-04-10,2023-04-10,College of Natural Sciences,Completed,0
GNT_0000000235,FAC_00000694,305405,EPA,2023-10-17,2025-10-16,College of Natural Sciences,Completed,3
GNT_0000000236,FAC_00000312,95233,Private Foundation,2020-10-19,2021-10-19,College of Natural Sciences,Completed,0
GNT_0000000237,FAC_00000332,393393,EPA,2023-03-11,2024-03-10,College of Natural Sciences,Completed,8
GNT_0000000238,FAC_00000617,138110,EPA,2022-06-08,2024-06-07,College of Natural Sciences,Completed,1
GNT_0000000239,FAC_00000243,1207269,NSF,2019-10-09,2023-10-08,College of Natural Sciences,Completed,44
GNT_0000000240,FAC_00000646,14871,DOD,2023-11-14,2025-11-13,College of Natural Sciences,Completed,1
GNT_0000000241,FAC_00000196,1549835,NSF,2022-11-21,2026-11-20,College of Natural Sciences,Active,64
GNT_0000000242,FAC_00000219,1054014,DOC,2021-01-25,2022-01-25,College of Natural Sciences,Completed,11
GNT_0000000243,FAC_00000672,20828,Private Foundation,2021-08-24,2026-08-23,College of Natural Sciences,Active,1
GNT_0000000244,FAC_00000120,86312,Industrial Partner,2024-05-05,2028-05-04,College of Natural Sciences,Active,6
GNT_0000000245,FAC_00000122,66946,DOC,2024-10-28,2027-10-28,College of Natural Sciences,Active,1
GNT_0000000246,FAC_00000539,130809,NIH,2023-10-01,2028-09-29,College of Natural Sciences,Active,7
GNT_0000000247,FAC_00000121,1397003,DOD,2022-08-09,2024-08-08,College of Natural Sciences,Completed,26
GNT_0000000248,FAC_00000263,2944543,USDA,2020-11-16,2023-11-16,College of Natural Sciences,Cancelled,86
GNT_0000000249,FAC_00000095,5000000,Private Foundation,2020-03-25,2022-03-25,College of Natural Sciences,Completed,81
GNT_0000000250,FAC_00000020,171557,USDA,2018-10-14,2021-10-13,College of Natural Sciences,Completed,4
GNT_0000000251,FAC_00000160,744776,NIH,2019-07-19,2022-07-18,College of Natural Sciences,Completed,22
GNT_0000000252,FAC_00000562,1490140,DOC,2021-05-03,2023-05-03,College of Natural Sciences,Completed,43
GNT_0000000253,FAC_00000205,848268,EPA,2024-08-19,2027-08-19,College of Natural Sciences,Active,26
GNT_0000000254,FAC_00000018,31195,NSF,2023-10-13,2024-10-12,College of Natural Sciences,Completed,0
GNT_0000000255,FAC_00000168,131766,DOD,2019-08-01,2022-07-31,College of Natural Sciences,Completed,5
GNT_0000000256,FAC_00000207,286265,NIH,2021-09-01,2023-09-01,College of Natural Sciences,Completed,6
GNT_0000000257,FAC_00000554,4934016,DOD,2023-09-26,2026-09-25,College of Natural Sciences,Active,152
GNT_0000000258,FAC_00000696,242853,NIH,2019-10-15,2024-10-13,College of Natural Sciences,Completed,14
GNT_0000000259,FAC_00000446,153023,Private Foundation,2024-05-22,2027-05-22,College of Natural Sciences,Active,6
GNT_0000000260,FAC_00000391,8060,DOD,2024-11-16,2026-11-16,College of Natural Sciences,Active,0
GNT_0000000261,FAC_00000458,128656,NIH,2023-05-18,2026-05-17,College of Natural Sciences,Completed,4
GNT_0000000262,FAC_00000363,242210,NIH,2023-06-22,2026-06-21,College of Natural Sciences,Completed,9
GNT_0000000263,FAC_00000434,25484,EPA,2023-10-28,2026-10-27,College of Natural Sciences,Active,1
GNT_0000000264,FAC_00000127,91607,DOE,2019-10-10,2022-10-09,College of Natural Sciences,Completed,1
GNT_0000000265,FAC_00000699,732064,DOC,2019-07-09,2021-07-08,College of Natural Sciences,Completed,17
GNT_0000000266,FAC_00000020,152384,NIH,2024-02-17,2029-02-15,College of Natural Sciences,Active,7
GNT_0000000267,FAC_00000575,65656,Industrial Partner,2023-04-26,2026-04-25,College of Natural Sciences,Completed,1
GNT_0000000268,FAC_00000481,76976,NSF,2018-10-26,2023-10-25,College of Natural Sciences,Completed,2
GNT_0000000269,FAC_00000114,231317,USDA,2021-09-28,2024-09-27,College of Natural Sciences,Completed,10
GNT_0000000270,FAC_00000610,466815,DOC,2021-05-04,2023-05-04,College of Natural Sciences,Completed,12
GNT_0000000271,FAC_00000129,790958,Private Foundation,2022-07-15,2025-07-14,College of Natural Sciences,Completed,22
GNT_0000000272,FAC_00000065,287118,Private Foundation,2018-04-10,2021-04-09,College of Natural Sciences,Completed,8
GNT_0000000273,FAC_00000500,238908,Industrial Partner,2021-08-17,2022-08-17,College of Natural Sciences,Cancelled,4
GNT_0000000274,FAC_00000266,373491,DOC,2023-11-11,2024-11-10,College of Natural Sciences,Completed,2
GNT_0000000275,FAC_00000074,869522,USDA,2019-04-13,2021-04-12,College of Natural Sciences,Completed,14
GNT_0000000276,FAC_00000431,352343,USDA,2021-12-19,2024-12-18,College of Natural Sciences,Completed,8
GNT_0000000277,FAC_00000102,301914,NIH,2020-09-26,2023-09-26,College of Natural Sciences,Completed,10
GNT_0000000278,FAC_00000146,187225,DOE,2024-09-04,2025-09-04,College of Natural Sciences,Completed,3
GNT_0000000279,FAC_00000492,882626,DOE,2021-07-10,2024-07-09,College of Natural Sciences,Completed,27
GNT_0000000280,FAC_00000328,1602936,DOC,2021-10-18,2026-10-17,College of Natural Sciences,Active,81
GNT_0000000281,FAC_00000185,138611,Industrial Partner,2024-01-09,2026-01-08,College of Natural Sciences,Cancelled,2
GNT_0000000282,FAC_00000159,330843,DOC,2021-05-11,2025-05-10,College of Natural Sciences,Completed,12
GNT_0000000283,FAC_00000465,99300,USDA,2024-01-26,2025-01-25,College of Natural Sciences,Completed,0
GNT_0000000284,FAC_00000009,1044271,NSF,2022-10-06,2024-10-05,College of Natural Sciences,Completed,18
GNT_0000000285,FAC_00000509,341406,DOC,2022-11-21,2023-11-21,College of Natural Sciences,Completed,1
GNT_0000000286,FAC_00000521,1222342,DOC,2021-09-26,2022-09-26,College of Natural Sciences,Completed,17
GNT_0000000287,FAC_00000645,1846756,DOC,2021-07-01,2023-07-01,College of Natural Sciences,Completed,36
GNT_0000000288,FAC_00000583,43937,EPA,2022-06-06,2024-06-05,College of Natural Sciences,Completed,1
GNT_0000000289,FAC_00000373,141573,DOE,2018-02-27,2019-02-27,College of Natural Sciences,Completed,2
GNT_0000000290,FAC_00000102,334731,Private Foundation,2022-01-06,2025-01-05,College of Natural Sciences,Completed,14
GNT_0000000291,FAC_00000036,111156,DOD,2022-07-05,2025-07-04,College of Natural Sciences,Completed,2
GNT_0000000292,FAC_00000581,1997155,Industrial Partner,2018-08-02,2020-08-01,College of Natural Sciences,Completed,39
GNT_0000000293,FAC_00000363,328618,DOD,2024-07-13,2026-07-13,College of Natural Sciences,Completed,8
GNT_0000000294,FAC_00000681,5000000,DOC,2024-05-18,2028-05-17,College of Natural Sciences,Active,203
GNT_0000000295,FAC_00000385,253020,EPA,2019-10-02,2024-09-30,College of Natural Sciences,Completed,10
GNT_0000000296,FAC_00000355,1131375,NIH,2023-01-27,2026-01-26,College of Natural Sciences,Completed,25
GNT_0000000297,FAC_00000100,1706172,USDA,2019-09-06,2022-09-05,College of Natural Sciences,Completed,44
GNT_0000000298,FAC_00000302,13020,DOE,2018-05-18,2021-05-17,College of Natural Sciences,Completed,1
GNT_0000000299,FAC_00000122,119571,EPA,2023-05-12,2026-05-11,College of Natural Sciences,Completed,3
GNT_0000000300,FAC_00000555,369624,DOD,2022-09-04,2023-09-04,College of Natural Sciences,Completed,2
GNT_0000000301,FAC_00000563,123351,NIH,2021-04-01,2026-03-31,College of Natural Sciences,Completed,10
GNT_0000000302,FAC_00000298,870360,NIH,2022-09-18,2026-09-17,College of Natural Sciences,Active,29
GNT_0000000303,FAC_00000210,477027,NSF,2024-10-18,2027-10-18,College of Natural Sciences,Active,19
GNT_0000000304,FAC_00000203,68852,DOD,2018-04-28,2021-04-27,College of Natural Sciences,Completed,0
GNT_0000000305,FAC_00000034,95057,DOE,2019-11-26,2022-11-25,College of Natural Sciences,Completed,6
GNT_0000000306,FAC_00000442,1820406,NIH,2021-01-11,2024-01-11,College of Natural Sciences,Completed,58
GNT_0000000307,FAC_00000580,395245,DOC,2019-08-10,2024-08-08,College of Natural Sciences,Completed,22
GNT_0000000308,FAC_00000029,486903,DOD,2018-11-27,2020-11-26,College of Natural Sciences,Completed,5
GNT_0000000309,FAC_00000480,887444,DOC,2021-09-18,2022-09-18,College of Natural Sciences,Completed,8
GNT_0000000310,FAC_00000512,133905,DOD,2018-04-20,2020-04-19,College of Natural Sciences,Completed,4
GNT_0000000311,FAC_00000142,203911,NIH,2023-10-24,2026-10-23,College of Natural Sciences,Active,6
GNT_0000000312,FAC_00000500,1165631,Industrial Partner,2020-08-09,2022-08-09,College of Natural Sciences,Completed,29
GNT_0000000313,FAC_00000011,125462,DOD,2021-12-04,2023-12-04,College of Natural Sciences,Completed,0
GNT_0000000314,FAC_00000128,37839,DOD,2019-09-12,2020-09-11,College of Natural Sciences,Completed,0
GNT_0000000315,FAC_00000339,1035346,USDA,2018-07-28,2022-07-27,College of Natural Sciences,Completed,50
GNT_0000000316,FAC_00000365,224649,DOC,2018-04-01,2022-03-31,College of Natural Sciences,Completed,12
GNT_0000000317,FAC_00000696,419470,NSF,2023-03-15,2027-03-14,College of Natural Sciences,Active,9
GNT_0000000318,FAC_00000446,240864,DOE,2023-06-01,2027-05-31,College of Natural Sciences,Active,10
GNT_0000000319,FAC_00000356,3857943,Private Foundation,2021-01-01,2023-01-01,College of Natural Sciences,Completed,75
GNT_0000000320,FAC_00000556,46720,Industrial Partner,2024-04-02,2025-04-02,College of Natural Sciences,Completed,0
GNT_0000000321,FAC_00000422,244216,DOD,2019-11-12,2021-11-11,College of Natural Sciences,Completed,4
GNT_0000000322,FAC_00000528,757367,EPA,2020-12-13,2022-12-13,College of Natural Sciences,Completed,17
GNT_0000000323,FAC_00000132,16349,USDA,2022-11-13,2023-11-13,College of Natural Sciences,Completed,0
GNT_0000000324,FAC_00000146,202017,Private Foundation,2022-02-19,2024-02-19,College of Natural Sciences,Completed,5
GNT_0000000325,FAC_00000426,114637,DOC,2018-10-12,2021-10-11,College of Natural Sciences,Completed,4
GNT_0000000326,FAC_00000402,61394,DOC,2024-11-07,2028-11-06,College of Natural Sciences,Active,4
GNT_0000000327,FAC_00000634,794656,Private Foundation,2019-01-12,2023-01-11,College of Natural Sciences,Completed,27
GNT_0000000328,FAC_00000206,71060,Industrial Partner,2024-07-10,2027-07-10,College of Natural Sciences,Active,0
GNT_0000000329,FAC_00000466,7946,EPA,2021-02-18,2023-02-18,College of Natural Sciences,Completed,0
GNT_0000000330,FAC_00000564,2464040,Private Foundation,2023-05-25,2025-05-24,College of Natural Sciences,Completed,47
GNT_0000000331,FAC_00000203,95188,NIH,2019-10-07,2024-10-05,College of Natural Sciences,Completed,5
GNT_0000000332,FAC_00000676,208499,USDA,2022-08-18,2023-08-18,College of Natural Sciences,Cancelled,2
GNT_0000000333,FAC_00000436,840367,DOD,2023-11-28,2025-11-27,College of Natural Sciences,Completed,16
GNT_0000000334,FAC_00000481,249522,NIH,2024-05-14,2027-05-14,College of Natural Sciences,Active,10
GNT_0000000335,FAC_00000222,180295,DOD,2023-08-19,2027-08-18,College of Natural Sciences,Active,5
GNT_0000000336,FAC_00000299,82886,NIH,2023-01-17,2028-01-16,College of Natural Sciences,Active,4
GNT_0000000337,FAC_00000285,326046,USDA,2018-08-24,2020-08-23,College of Natural Sciences,Completed,3
GNT_0000000338,FAC_00000467,281028,EPA,2024-01-21,2027-01-20,College of Natural Sciences,Active,11
GNT_0000000339,FAC_00000459,193043,DOC,2023-02-17,2026-02-16,College of Natural Sciences,Completed,7
GNT_0000000340,FAC_00000422,279014,NSF,2023-08-06,2026-08-05,College of Natural Sciences,Active,16
GNT_0000000341,FAC_00000603,1065507,DOD,2019-07-21,2021-07-20,College of Natural Sciences,Completed,15
GNT_0000000342,FAC_00000401,5000000,EPA,2018-01-01,2020-01-01,College of Natural Sciences,Completed,100
GNT_0000000343,FAC_00000139,103572,NSF,2019-02-21,2022-02-20,College of Natural Sciences,Completed,3
GNT_0000000344,FAC_00000175,642028,Private Foundation,2019-04-14,2022-04-13,College of Natural Sciences,Completed,22
GNT_0000000345,FAC_00000032,349646,Industrial Partner,2019-06-23,2021-06-22,College of Natural Sciences,Completed,7
GNT_0000000346,FAC_00000367,33169,NSF,2020-02-02,2023-02-01,College of Natural Sciences,Completed,0
GNT_0000000347,FAC_00000463,93537,Private Foundation,2018-04-09,2021-04-08,College of Natural Sciences,Completed,1
GNT_0000000348,FAC_00000496,36121,USDA,2020-05-10,2024-05-09,College of Natural Sciences,Completed,1
GNT_0000000349,FAC_00000682,266269,DOE,2020-05-05,2023-05-05,College of Natural Sciences,Completed,7
GNT_0000000350,FAC_00000157,147021,EPA,2018-10-20,2022-10-19,College of Natural Sciences,Completed,4
GNT_0000000351,FAC_00000563,77073,DOC,2023-01-13,2024-01-13,College of Natural Sciences,Completed,0
GNT_0000000352,FAC_00000325,204550,DOD,2018-08-09,2021-08-08,College of Natural Sciences,Completed,4
GNT_0000000353,FAC_00000238,70546,DOD,2023-11-11,2026-11-10,College of Natural Sciences,Active,1
GNT_0000000354,FAC_00000672,532461,DOE,2020-07-18,2022-07-18,College of Natural Sciences,Cancelled,7
GNT_0000000355,FAC_00000652,11047,DOC,2018-07-27,2021-07-26,College of Natural Sciences,Completed,1
GNT_0000000356,FAC_00000420,153315,DOC,2018-06-06,2021-06-05,College of Natural Sciences,Completed,2
GNT_0000000357,FAC_00000600,82668,NSF,2024-05-02,2029-05-01,College of Natural Sciences,Active,3
GNT_0000000358,FAC_00000348,517955,Private Foundation,2020-07-05,2025-07-04,College of Natural Sciences,Completed,32
GNT_0000000359,FAC_00000538,228723,USDA,2021-03-04,2025-03-03,College of Natural Sciences,Completed,6
GNT_0000000360,FAC_00000584,52604,EPA,2022-06-12,2024-06-11,College of Natural Sciences,Completed,5
GNT_0000000361,FAC_00000088,38877,NSF,2020-10-20,2022-10-20,College of Natural Sciences,Completed,0
GNT_0000000362,FAC_00000346,46392,NSF,2020-07-28,2023-07-28,College of Natural Sciences,Completed,2
GNT_0000000363,FAC_00000070,180170,DOC,2020-08-05,2023-08-05,College of Natural Sciences,Completed,9
GNT_0000000364,FAC_00000050,241102,Industrial Partner,2021-06-14,2025-06-13,College of Natural Sciences,Completed,9
GNT_0000000365,FAC_00000361,41724,EPA,2023-03-06,2025-03-05,College of Natural Sciences,Completed,2
GNT_0000000366,FAC_00000531,242522,EPA,2020-03-04,2023-03-04,College of Natural Sciences,Completed,6
GNT_0000000367,FAC_00000117,650517,NIH,2022-10-01,2023-10-01,College of Natural Sciences,Cancelled,6
GNT_0000000368,FAC_00000231,125195,Industrial Partner,2021-06-08,2024-06-07,College of Natural Sciences,Completed,2
GNT_0000000369,FAC_00000594,586949,DOE,2018-04-21,2021-04-20,College of Natural Sciences,Completed,16
GNT_0000000370,FAC_00000221,643234,Industrial Partner,2022-11-22,2025-11-21,College of Natural Sciences,Completed,23
GNT_0000000371,FAC_00000561,5000000,DOE,2023-05-15,2025-05-14,College of Natural Sciences,Completed,114
GNT_0000000372,FAC_00000539,15732,DOC,2018-01-09,2020-01-09,College of Natural Sciences,Completed,0
GNT_0000000373,FAC_00000028,1926055,DOD,2020-08-10,2023-08-10,College of Natural Sciences,Completed,63
GNT_0000000374,FAC_00000450,415847,DOD,2018-08-13,2021-08-12,College of Natural Sciences,Completed,15
GNT_0000000375,FAC_00000636,50992,DOC,2020-05-18,2022-05-18,College of Natural Sciences,Completed,0
GNT_0000000376,FAC_00000688,73920,DOE,2019-05-22,2024-05-20,College of Natural Sciences,Completed,3
GNT_0000000377,FAC_00000656,1546848,Private Foundation,2020-06-12,2023-06-12,College of Natural Sciences,Completed,54
GNT_0000000378,FAC_00000355,35927,DOC,2020-10-08,2025-10-07,College of Natural Sciences,Completed,4
GNT_0000000379,FAC_00000369,9360,DOC,2023-10-14,2028-10-12,College of Natural Sciences,Active,0
GNT_0000000380,FAC_00000456,102251,NSF,2024-06-06,2029-06-05,College of Natural Sciences,Active,2
GNT_0000000381,FAC_00000207,18623,USDA,2020-02-28,2025-02-26,College of Natural Sciences,Completed,0
GNT_0000000382,FAC_00000074,84857,USDA,2019-04-18,2023-04-17,College of Natural Sciences,Completed,2
GNT_0000000383,FAC_00000038,746635,NSF,2024-04-11,2029-04-10,College of Natural Sciences,Active,32
GNT_0000000384,FAC_00000198,167099,NIH,2023-01-16,2026-01-15,College of Natural Sciences,Completed,5
GNT_0000000385,FAC_00000540,302116,Private Foundation,2023-02-05,2026-02-04,College of Natural Sciences,Completed,13
GNT_0000000386,FAC_00000420,458403,NIH,2020-05-11,2022-05-11,College of Natural Sciences,Completed,16
GNT_0000000387,FAC_00000110,831662,NSF,2023-12-12,2025-12-11,College of Natural Sciences,Completed,15
GNT_0000000388,FAC_00000607,1430179,Private Foundation,2021-04-04,2026-04-03,College of Natural Sciences,Completed,66
GNT_0000000389,FAC_00000138,475349,EPA,2020-03-23,2023-03-23,College of Natural Sciences,Completed,18
GNT_0000000390,FAC_00000189,1413353,DOD,2022-10-02,2024-10-01,College of Natural Sciences,Completed,35
GNT_0000000391,FAC_00000698,4033478,EPA,2022-01-24,2027-01-23,College of Natural Sciences,Active,224
GNT_0000000392,FAC_00000004,39405,DOE,2022-04-13,2025-04-12,College of Natural Sciences,Cancelled,0
GNT_0000000393,FAC_00000308,5092,Industrial Partner,2018-03-22,2023-03-21,College of Natural Sciences,Completed,0
GNT_0000000394,FAC_00000506,709073,Industrial Partner,2019-03-03,2022-03-02,College of Natural Sciences,Completed,22
GNT_0000000395,FAC_00000575,292874,DOC,2023-02-23,2025-02-22,College of Natural Sciences,Completed,7
GNT_0000000396,FAC_00000015,272936,Private Foundation,2021-08-08,2024-08-07,College of Natural Sciences,Completed,10
GNT_0000000397,FAC_00000089,12083,NSF,2020-11-05,2022-11-05,College of Natural Sciences,Completed,0
GNT_0000000398,FAC_00000286,4154638,USDA,2023-11-15,2026-11-14,College of Natural Sciences,Active,140
GNT_0000000399,FAC_00000361,234580,DOC,2024-08-06,2026-08-06,College of Natural Sciences,Active,4
GNT_0000000400,FAC_00000120,637469,EPA,2021-07-25,2024-07-24,College of Natural Sciences,Completed,23
GNT_0000000401,FAC_00000031,538343,Private Foundation,2021-05-18,2024-05-17,College of Natural Sciences,Completed,18
GNT_0000000402,FAC_00000139,577650,EPA,2023-11-18,2025-11-17,College of Natural Sciences,Completed,14
GNT_0000000403,FAC_00000363,53883,NIH,2022-12-08,2024-12-07,College of Natural Sciences,Completed,2
GNT_0000000404,FAC_00000132,472976,DOC,2018-10-12,2020-10-11,College of Natural Sciences,Cancelled,12
GNT_0000000405,FAC_00000167,188817,DOC,2019-09-11,2021-09-10,College of Natural Sciences,Completed,6
GNT_0000000406,FAC_00000487,192477,NIH,2022-12-22,2025-12-21,College of Natural Sciences,Completed,7
GNT_0000000407,FAC_00000347,202077,DOE,2022-06-18,2025-06-17,College of Natural Sciences,Completed,3
GNT_0000000408,FAC_00000054,13512,DOE,2023-06-06,2026-06-05,College of Natural Sciences,Completed,1
GNT_0000000409,FAC_00000291,486796,DOD,2024-03-19,2026-03-19,College of Natural Sciences,Completed,10
GNT_0000000410,FAC_00000412,91803,NIH,2018-11-10,2023-11-09,College of Natural Sciences,Completed,9
GNT_0000000411,FAC_00000458,80437,DOC,2021-03-22,2024-03-21,College of Natural Sciences,Completed,4
GNT_0000000412,FAC_00000257,498819,DOD,2019-06-05,2024-06-03,College of Natural Sciences,Completed,26
GNT_0000000413,FAC_00000134,2508011,Industrial Partner,2020-12-28,2025-12-27,College of Natural Sciences,Completed,131
GNT_0000000414,FAC_00000489,107820,DOC,2023-06-04,2026-06-03,College of Natural Sciences,Completed,3
GNT_0000000415,FAC_00000680,53663,USDA,2018-07-04,2020-07-03,College of Natural Sciences,Completed,2
GNT_0000000416,FAC_00000157,210252,EPA,2024-09-11,2028-09-10,College of Natural Sciences,Active,12
GNT_0000000417,FAC_00000447,1537932,EPA,2019-08-12,2021-08-11,College of Natural Sciences,Completed,39
GNT_0000000418,FAC_00000169,138043,USDA,2024-10-03,2027-10-03,College of Natural Sciences,Active,2
GNT_0000000419,FAC_00000097,182806,Industrial Partner,2023-08-03,2025-08-02,College of Natural Sciences,Completed,2
GNT_0000000420,FAC_00000625,411299,Private Foundation,2018-01-11,2020-01-11,College of Natural Sciences,Completed,14
GNT_0000000421,FAC_00000696,153507,NIH,2021-01-17,2023-01-17,College of Natural Sciences,Completed,2
GNT_0000000422,FAC_00000494,744097,EPA,2020-11-02,2022-11-02,College of Natural Sciences,Cancelled,16
GNT_0000000423,FAC_00000349,65542,DOE,2020-06-10,2024-06-09,College of Natural Sciences,Completed,1
GNT_0000000424,FAC_00000117,382684,NIH,2018-10-03,2023-10-02,College of Natural Sciences,Completed,12
GNT_0000000425,FAC_00000513,216223,Industrial Partner,2019-05-15,2020-05-14,College of Natural Sciences,Completed,2
GNT_0000000426,FAC_00000384,923397,USDA,2021-08-10,2024-08-09,College of Natural Sciences,Completed,38
GNT_0000000427,FAC_00000363,764038,EPA,2023-05-16,2025-05-15,College of Natural Sciences,Completed,15
GNT_0000000428,FAC_00000083,9041,EPA,2022-04-25,2026-04-24,College of Natural Sciences,Completed,0
GNT_0000000429,FAC_00000593,186092,DOD,2018-06-21,2023-06-20,College of Natural Sciences,Completed,8
GNT_0000000430,FAC_00000355,207693,USDA,2024-04-12,2027-04-12,College of Natural Sciences,Active,3
GNT_0000000431,FAC_00000397,132835,NSF,2023-03-10,2024-03-09,College of Natural Sciences,Completed,1
GNT_0000000432,FAC_00000408,617703,Industrial Partner,2022-08-28,2024-08-27,College of Natural Sciences,Completed,12
GNT_0000000433,FAC_00000438,784720,DOE,2021-09-24,2024-09-23,College of Natural Sciences,Completed,15
GNT_0000000434,FAC_00000470,871046,NIH,2020-12-28,2021-12-28,College of Natural Sciences,Completed,8
GNT_0000000435,FAC_00000053,84374,Private Foundation,2020-12-10,2021-12-10,College of Natural Sciences,Completed,0
GNT_0000000436,FAC_00000231,47806,Private Foundation,2018-02-27,2019-02-27,College of Natural Sciences,Completed,1
GNT_0000000437,FAC_00000637,1381042,DOD,2019-08-04,2021-08-03,College of Natural Sciences,Completed,35
GNT_0000000438,FAC_00000345,363120,DOE,2021-06-19,2023-06-19,College of Natural Sciences,Completed,5
GNT_0000000439,FAC_00000247,324941,NIH,2021-05-23,2022-05-23,College of Natural Sciences,Completed,4
GNT_0000000440,FAC_00000360,5175,DOE,2022-10-15,2025-10-14,College of Natural Sciences,Completed,0
GNT_0000000441,FAC_00000239,15521,Private Foundation,2023-04-09,2025-04-08,College of Natural Sciences,Completed,0
GNT_0000000442,FAC_00000537,157058,NSF,2024-05-28,2027-05-28,College of Natural Sciences,Active,4
GNT_0000000443,FAC_00000099,290441,EPA,2020-10-07,2022-10-07,College of Natural Sciences,Completed,7
GNT_0000000444,FAC_00000558,174499,USDA,2020-01-11,2022-01-10,College of Natural Sciences,Completed,4
GNT_0000000445,FAC_00000055,283242,DOD,2018-04-16,2020-04-15,College of Natural Sciences,Completed,4
GNT_0000000446,FAC_00000614,236759,Private Foundation,2020-09-18,2025-09-17,College of Natural Sciences,Completed,10
GNT_0000000447,FAC_00000691,3016721,USDA,2019-01-08,2022-01-07,College of Natural Sciences,Completed,80
GNT_0000000448,FAC_00000169,300452,USDA,2021-04-04,2026-04-03,College of Natural Sciences,Completed,17
GNT_0000000449,FAC_00000027,137779,Industrial Partner,2023-09-07,2024-09-06,College of Natural Sciences,Completed,0
GNT_0000000450,FAC_00000295,30189,DOE,2023-07-03,2026-07-02,College of Natural Sciences,Completed,0
GNT_0000000451,FAC_00000314,44482,NSF,2021-02-23,2023-02-23,College of Natural Sciences,Completed,1
GNT_0000000452,FAC_00000023,1675642,USDA,2022-04-08,2024-04-07,College of Natural Sciences,Completed,38
GNT_0000000453,FAC_00000466,20398,USDA,2023-11-17,2025-11-16,College of Natural Sciences,Completed,0
GNT_0000000454,FAC_00000026,125662,NIH,2021-10-06,2022-10-06,College of Natural Sciences,Completed,2
GNT_0000000455,FAC_00000684,6934,Industrial Partner,2024-07-02,2026-07-02,College of Natural Sciences,Completed,0
GNT_0000000456,FAC_00000365,428950,DOE,2024-09-16,2026-09-16,College of Natural Sciences,Active,8
GNT_0000000457,FAC_00000236,92551,Industrial Partner,2023-09-18,2027-09-17,College of Natural Sciences,Active,5
GNT_0000000458,FAC_00000614,1056682,NSF,2022-03-26,2026-03-25,College of Natural Sciences,Completed,31
GNT_0000000459,FAC_00000503,266291,USDA,2019-09-03,2022-09-02,College of Natural Sciences,Completed,8
GNT_0000000460,FAC_00000469,870354,DOE,2022-06-26,2025-06-25,College of Natural Sciences,Completed,26
GNT_0000000461,FAC_00000529,130493,DOD,2020-03-16,2023-03-16,College of Natural Sciences,Completed,4
GNT_0000000462,FAC_00000481,281499,NIH,2023-09-16,2026-09-15,College of Natural Sciences,Active,8
GNT_0000000463,FAC_00000583,1724305,USDA,2021-04-01,2023-04-01,College of Natural Sciences,Completed,38
GNT_0000000464,FAC_00000331,10089,USDA,2021-05-27,2026-05-26,College of Natural Sciences,Completed,0
GNT_0000000465,FAC_00000679,522411,Industrial Partner,2023-09-14,2025-09-13,College of Natural Sciences,Completed,10
GNT_0000000466,FAC_00000651,118238,Industrial Partner,2023-03-11,2026-03-10,College of Natural Sciences,Completed,3
GNT_0000000467,FAC_00000035,126845,USDA,2019-11-03,2024-11-01,College of Natural Sciences,Completed,11
GNT_0000000468,FAC_00000016,2373460,EPA,2023-06-06,2026-06-05,College of Natural Sciences,Completed,67
GNT_0000000469,FAC_00000465,44688,DOD,2021-02-15,2023-02-15,College of Natural Sciences,Completed,1
GNT_0000000470,FAC_00000231,1291559,EPA,2023-12-10,2026-12-09,College of Natural Sciences,Active,40
GNT_0000000471,FAC_00000583,154472,DOD,2022-07-11,2024-07-10,College of Natural Sciences,Completed,1
GNT_0000000472,FAC_00000453,627823,Industrial Partner,2021-11-07,2024-11-06,College of Natural Sciences,Completed,18
GNT_0000000473,FAC_00000567,212081,DOE,2019-06-24,2021-06-23,College of Natural Sciences,Completed,2
GNT_0000000474,FAC_00000108,117475,Industrial Partner,2020-04-16,2024-04-15,College of Natural Sciences,Completed,5
GNT_0000000475,FAC_00000012,434930,NIH,2019-09-02,2020-09-01,College of Natural Sciences,Completed,9
GNT_0000000476,FAC_00000636,1626671,NSF,2021-02-17,2024-02-17,College of Natural Sciences,Completed,38
GNT_0000000477,FAC_00000457,1166059,DOD,2021-10-28,2023-10-28,College of Natural Sciences,Completed,27
GNT_0000000478,FAC_00000638,104996,Industrial Partner,2024-02-12,2026-02-11,College of Natural Sciences,Completed,1
GNT_0000000479,FAC_00000417,122242,USDA,2020-07-22,2022-07-22,College of Natural Sciences,Completed,3
GNT_0000000480,FAC_00000060,49107,EPA,2021-08-07,2025-08-06,College of Natural Sciences,Completed,3
GNT_0000000481,FAC_00000228,1507499,EPA,2021-05-09,2025-05-08,College of Natural Sciences,Completed,52
GNT_0000000482,FAC_00000385,1624390,DOD,2020-07-16,2022-07-16,College of Natural Sciences,Completed,30
GNT_0000000483,FAC_00000614,76227,NSF,2022-02-24,2024-02-24,College of Natural Sciences,Completed,0
GNT_0000000484,FAC_00000059,506383,EPA,2022-08-15,2025-08-14,College of Natural Sciences,Completed,23
GNT_0000000485,FAC_00000230,17526,USDA,2023-12-13,2026-12-12,College of Natural Sciences,Active,0
GNT_0000000486,FAC_00000281,146149,USDA,2020-03-19,2023-03-19,College of Natural Sciences,Completed,3
GNT_0000000487,FAC_00000419,341192,EPA,2019-07-19,2021-07-18,College of Natural Sciences,Completed,5
GNT_0000000488,FAC_00000314,47191,USDA,2019-02-10,2023-02-09,College of Natural Sciences,Completed,3
GNT_0000000489,FAC_00000101,83813,DOD,2020-04-07,2024-04-06,College of Natural Sciences,Completed,6
GNT_0000000490,FAC_00000142,42803,DOC,2023-07-05,2026-07-04,College of Natural Sciences,Completed,0
GNT_0000000491,FAC_00000687,1451426,DOD,2023-10-20,2026-10-19,College of Natural Sciences,Active,40
GNT_0000000492,FAC_00000142,190726,DOC,2018-10-09,2020-10-08,College of Natural Sciences,Completed,4
GNT_0000000493,FAC_00000069,2069567,DOE,2021-07-21,2024-07-20,College of Natural Sciences,Completed,67
GNT_0000000494,FAC_00000507,960398,DOE,2020-07-09,2022-07-09,College of Natural Sciences,Completed,14
GNT_0000000495,FAC_00000453,5000000,EPA,2022-06-02,2024-06-01,College of Natural Sciences,Completed,99
GNT_0000000496,FAC_00000442,434528,DOC,2024-10-19,2026-10-19,College of Natural Sciences,Active,8
GNT_0000000497,FAC_00000461,331852,DOC,2021-10-19,2025-10-18,College of Natural Sciences,Completed,8
GNT_0000000498,FAC_00000605,107468,DOC,2019-01-23,2022-01-22,College of Natural Sciences,Completed,4
GNT_0000000499,FAC_00000073,226687,Industrial Partner,2023-01-04,2026-01-03,College of Natural Sciences,Completed,7
GNT_0000000500,FAC_00000208,203673,USDA,2023-01-18,2025-01-17,College of Natural Sciences,Completed,7
GNT_0000000501,FAC_00000529,21199,NSF,2019-10-18,2022-10-17,College of Natural Sciences,Completed,1
GNT_0000000502,FAC_00000054,249241,DOC,2019-06-16,2021-06-15,College of Natural Sciences,Completed,5
GNT_0000000503,FAC_00000023,51714,DOD,2018-04-19,2020-04-18,College of Natural Sciences,Completed,0
GNT_0000000504,FAC_00000256,49113,DOC,2020-01-18,2022-01-17,College of Natural Sciences,Completed,0
GNT_0000000505,FAC_00000374,348074,DOC,2018-04-27,2022-04-26,College of Natural Sciences,Completed,11
GNT_0000000506,FAC_00000488,417875,Industrial Partner,2018-11-23,2022-11-22,College of Natural Sciences,Completed,24
GNT_0000000507,FAC_00000377,2456062,DOC,2023-06-06,2027-06-05,College of Natural Sciences,Active,121
GNT_0000000508,FAC_00000699,1283523,NSF,2023-02-23,2027-02-22,College of Natural Sciences,Active,37
GNT_0000000509,FAC_00000365,418343,DOD,2019-02-18,2023-02-17,College of Natural Sciences,Completed,10
GNT_0000000510,FAC_00000347,97087,DOE,2023-10-14,2026-10-13,College of Natural Sciences,Active,3
GNT_0000000511,FAC_00000302,980069,NSF,2023-11-17,2028-11-15,College of Natural Sciences,Active,42
GNT_0000000512,FAC_00000101,555469,NIH,2024-05-10,2025-05-10,College of Natural Sciences,Completed,6
GNT_0000000513,FAC_00000643,1056868,NIH,2020-03-21,2023-03-21,College of Natural Sciences,Completed,28
GNT_0000000514,FAC_00000006,3102919,DOE,2024-05-13,2027-05-13,College of Natural Sciences,Active,110
GNT_0000000515,FAC_00000021,137673,EPA,2021-05-24,2023-05-24,College of Natural Sciences,Completed,0
GNT_0000000516,FAC_00000473,274119,Industrial Partner,2021-09-25,2026-09-24,College of Natural Sciences,Active,12
GNT_0000000517,FAC_00000362,148669,DOC,2021-09-10,2023-09-10,College of Natural Sciences,Completed,2
GNT_0000000518,FAC_00000379,477817,USDA,2023-10-25,2027-10-24,College of Natural Sciences,Active,21
GNT_0000000519,FAC_00000174,496842,DOC,2020-11-20,2023-11-20,College of Natural Sciences,Completed,13
GNT_0000000520,FAC_00000596,281556,NSF,2024-12-15,2029-12-14,College of Natural Sciences,Active,13
GNT_0000000521,FAC_00000235,723540,EPA,2021-10-12,2024-10-11,College of Natural Sciences,Completed,26
GNT_0000000522,FAC_00000130,361617,DOC,2022-08-06,2025-08-05,College of Natural Sciences,Completed,16
GNT_0000000523,FAC_00000284,431786,Private Foundation,2019-09-12,2023-09-11,College of Natural Sciences,Completed,14
GNT_0000000524,FAC_00000534,8872,Private Foundation,2024-08-11,2025-08-11,College of Natural Sciences,Completed,0
GNT_0000000525,FAC_00000650,224737,DOE,2018-11-23,2020-11-22,College of Natural Sciences,Completed,4
GNT_0000000526,FAC_00000206,27698,DOD,2024-10-12,2026-10-12,College of Natural Sciences,Active,0
GNT_0000000527,FAC_00000021,516782,DOE,2023-09-05,2028-09-03,College of Natural Sciences,Active,28
GNT_0000000528,FAC_00000623,1086928,Industrial Partner,2019-09-24,2022-09-23,College of Natural Sciences,Completed,29
GNT_0000000529,FAC_00000618,174963,NIH,2020-02-27,2025-02-25,College of Natural Sciences,Completed,11
GNT_0000000530,FAC_00000372,113567,DOC,2018-10-02,2021-10-01,College of Natural Sciences,Completed,4
GNT_0000000531,FAC_00000573,292037,NIH,2024-03-05,2027-03-05,College of Natural Sciences,Active,8
GNT_0000000532,FAC_00000074,414596,Private Foundation,2024-02-15,2026-02-14,College of Natural Sciences,Cancelled,6
GNT_0000000533,FAC_00000341,1157957,DOE,2022-12-19,2026-12-18,College of Natural Sciences,Active,45
GNT_0000000534,FAC_00000496,63693,EPA,2023-08-24,2026-08-23,College of Natural Sciences,Active,1
GNT_0000000535,FAC_00000285,182814,NIH,2022-09-20,2024-09-19,College of Natural Sciences,Completed,3
GNT_0000000536,FAC_00000281,106054,NIH,2020-11-22,2022-11-22,College of Natural Sciences,Completed,1
GNT_0000000537,FAC_00000410,584191,USDA,2021-11-27,2023-11-27,College of Natural Sciences,Cancelled,12
GNT_0000000538,FAC_00000195,637561,DOC,2018-02-27,2023-02-26,College of Natural Sciences,Completed,29
GNT_0000000539,FAC_00000487,1898350,NSF,2022-03-10,2024-03-09,College of Natural Sciences,Cancelled,38
GNT_0000000540,FAC_00000178,42399,Private Foundation,2024-09-18,2026-09-18,College of Natural Sciences,Active,1
GNT_0000000541,FAC_00000072,246104,USDA,2024-04-21,2027-04-21,College of Natural Sciences,Active,8
GNT_0000000542,FAC_00000486,970516,DOD,2021-10-28,2022-10-28,College of Natural Sciences,Completed,10
GNT_0000000543,FAC_00000246,1766912,DOD,2024-08-03,2027-08-03,College of Natural Sciences,Active,59
GNT_0000000544,FAC_00000328,43975,NSF,2022-08-01,2026-07-31,College of Natural Sciences,Active,0
GNT_0000000545,FAC_00000073,81192,Private Foundation,2023-06-25,2027-06-24,College of Natural Sciences,Active,2
GNT_0000000546,FAC_00000665,1648347,Private Foundation,2021-10-17,2023-10-17,College of Natural Sciences,Completed,23
GNT_0000000547,FAC_00000228,51176,DOE,2022-05-09,2025-05-08,College of Natural Sciences,Completed,2
GNT_0000000548,FAC_00000376,321422,EPA,2023-06-26,2025-06-25,College of Natural Sciences,Completed,7
GNT_0000000549,FAC_00000234,50951,Industrial Partner,2021-02-26,2024-02-26,College of Natural Sciences,Completed,0
GNT_0000000550,FAC_00000269,68895,NIH,2023-05-26,2024-05-25,College of Natural Sciences,Completed,2
GNT_0000000551,FAC_00000219,441201,NIH,2023-04-14,2028-04-12,College of Natural Sciences,Active,21
GNT_0000000552,FAC_00000576,28569,USDA,2023-08-25,2028-08-23,College of Natural Sciences,Active,0
GNT_0000000553,FAC_00000087,49178,EPA,2024-03-17,2029-03-16,College of Natural Sciences,Active,1
GNT_0000000554,FAC_00000548,12979,DOE,2024-07-17,2026-07-17,College of Natural Sciences,Active,0
GNT_0000000555,FAC_00000473,5000000,USDA,2021-02-03,2022-02-03,College of Natural Sciences,Completed,53
GNT_0000000556,FAC_00000490,323552,DOC,2018-03-24,2020-03-23,College of Natural Sciences,Completed,8
GNT_0000000557,FAC_00000553,90332,DOE,2019-04-21,2024-04-19,College of Natural Sciences,Completed,6
GNT_0000000558,FAC_00000617,54362,Industrial Partner,2022-01-07,2027-01-06,College of Natural Sciences,Active,3
GNT_0000000559,FAC_00000324,43105,DOE,2024-09-17,2026-09-17,College of Natural Sciences,Active,1
GNT_0000000560,FAC_00000353,329838,DOD,2023-06-25,2025-06-24,College of Natural Sciences,Completed,5
GNT_0000000561,FAC_00000371,497875,EPA,2022-07-28,2025-07-27,College of Natural Sciences,Completed,16
GNT_0000000562,FAC_00000576,908697,NIH,2021-09-04,2024-09-03,College of Natural Sciences,Completed,22
GNT_0000000563,FAC_00000675,65678,Private Foundation,2022-02-19,2024-02-19,College of Natural Sciences,Completed,0
GNT_0000000564,FAC_00000249,257039,DOE,2021-04-20,2023-04-20,College of Natural Sciences,Completed,4
GNT_0000000565,FAC_00000195,357359,DOC,2023-08-27,2025-08-26,College of Natural Sciences,Completed,7
GNT_0000000566,FAC_00000159,138400,DOC,2022-09-03,2024-09-02,College of Natural Sciences,Completed,1
GNT_0000000567,FAC_00000105,29333,Industrial Partner,2021-05-11,2025-05-10,College of Natural Sciences,Completed,0
GNT_0000000568,FAC_00000007,7270,DOD,2021-10-01,2023-10-01,College of Natural Sciences,Completed,0
GNT_0000000569,FAC_00000418,38691,Industrial Partner,2024-01-24,2027-01-23,College of Natural Sciences,Active,3
GNT_0000000570,FAC_00000381,597994,NIH,2021-10-22,2023-10-22,College of Natural Sciences,Completed,12
GNT_0000000571,FAC_00000090,5000,USDA,2021-12-19,2024-12-18,College of Natural Sciences,Completed,0
GNT_0000000572,FAC_00000656,155623,NSF,2024-11-28,2026-11-28,College of Natural Sciences,Active,1
GNT_0000000573,FAC_00000657,567463,DOE,2024-03-27,2026-03-27,College of Natural Sciences,Completed,11
GNT_0000000574,FAC_00000427,321275,USDA,2022-02-15,2026-02-14,College of Natural Sciences,Completed,12
GNT_0000000575,FAC_00000644,5000000,Private Foundation,2024-08-19,2026-08-19,College of Natural Sciences,Active,99
GNT_0000000576,FAC_00000180,314613,DOC,2022-01-12,2025-01-11,College of Natural Sciences,Completed,9
GNT_0000000577,FAC_00000076,90600,NSF,2022-06-05,2024-06-04,College of Natural Sciences,Completed,4
GNT_0000000578,FAC_00000546,1290630,DOE,2023-09-28,2028-09-26,College of Natural Sciences,Active,64
GNT_0000000579,FAC_00000339,169611,NSF,2022-07-14,2025-07-13,College of Natural Sciences,Completed,8
GNT_0000000580,FAC_00000115,29028,NSF,2023-10-07,2026-10-06,College of Natural Sciences,Active,3
GNT_0000000581,FAC_00000139,292892,USDA,2022-04-27,2027-04-26,College of Natural Sciences,Active,12
GNT_0000000582,FAC_00000475,33331,EPA,2019-06-03,2023-06-02,College of Natural Sciences,Completed,0
GNT_0000000583,FAC_00000617,63097,Private Foundation,2019-11-27,2022-11-26,College of Natural Sciences,Completed,0
GNT_0000000584,FAC_00000205,323972,Industrial Partner,2021-11-11,2024-11-10,College of Natural Sciences,Completed,7
GNT_0000000585,FAC_00000687,359333,DOC,2022-12-17,2027-12-16,College of Natural Sciences,Active,21
GNT_0000000586,FAC_00000648,5000,Industrial Partner,2018-09-25,2020-09-24,College of Natural Sciences,Completed,0
GNT_0000000587,FAC_00000229,162276,EPA,2021-01-25,2024-01-25,College of Natural Sciences,Completed,7
GNT_0000000588,FAC_00000020,41006,DOE,2022-12-15,2026-12-14,College of Natural Sciences,Active,2
GNT_0000000589,FAC_00000467,5000000,DOC,2021-12-01,2023-12-01,College of Natural Sciences,Cancelled,98
GNT_0000000590,FAC_00000045,206491,NSF,2023-11-11,2025-11-10,College of Natural Sciences,Completed,4
GNT_0000000591,FAC_00000208,142983,USDA,2020-04-05,2024-04-04,College of Natural Sciences,Completed,5
GNT_0000000592,FAC_00000470,22886,DOC,2024-11-13,2026-11-13,College of Natural Sciences,Active,0
GNT_0000000593,FAC_00000615,1141387,EPA,2021-01-24,2022-01-24,College of Natural Sciences,Completed,10
GNT_0000000594,FAC_00000210,325086,USDA,2022-12-04,2027-12-03,College of Natural Sciences,Active,14
GNT_0000000595,FAC_00000572,2497493,DOD,2022-02-19,2024-02-19,College of Natural Sciences,Cancelled,65
GNT_0000000596,FAC_00000017,55413,NSF,2023-04-26,2024-04-25,College of Natural Sciences,Completed,2
GNT_0000000597,FAC_00000282,1202253,DOD,2020-10-03,2023-10-03,College of Natural Sciences,Cancelled,32
GNT_0000000598,FAC_00000628,3250179,NIH,2023-01-08,2026-01-07,College of Natural Sciences,Completed,108
GNT_0000000599,FAC_00000183,5000000,NSF,2021-09-05,2025-09-04,College of Natural Sciences,Completed,213
GNT_0000000600,FAC_00000331,377715,DOC,2024-10-16,2027-10-16,College of Natural Sciences,Active,8
GNT_0000000601,FAC_00000267,1382301,NSF,2020-05-05,2023-05-05,College of Natural Sciences,Completed,47
GNT_0000000602,FAC_00000562,65993,NIH,2018-11-28,2021-11-27,College of Natural Sciences,Completed,2
GNT_0000000603,FAC_00000079,111225,DOC,2021-06-12,2024-06-11,College of Natural Sciences,Completed,4
GNT_0000000604,FAC_00000519,180894,DOE,2024-02-08,2026-02-07,College of Natural Sciences,Completed,2
GNT_0000000605,FAC_00000609,47760,DOD,2021-12-14,2022-12-14,College of Natural Sciences,Completed,1
GNT_0000000606,FAC_00000575,49381,DOD,2024-01-19,2029-01-17,College of Natural Sciences,Active,2
GNT_0000000607,FAC_00000390,16399,DOD,2019-01-23,2020-01-23,College of Natural Sciences,Completed,0
GNT_0000000608,FAC_00000174,853782,USDA,2019-09-11,2022-09-10,College of Natural Sciences,Completed,21
GNT_0000000609,FAC_00000196,16008,Industrial Partner,2022-09-26,2026-09-25,College of Natural Sciences,Active,0
GNT_0000000610,FAC_00000098,733927,NIH,2022-02-28,2025-02-27,College of Natural Sciences,Completed,25
GNT_0000000611,FAC_00000578,11383,NSF,2021-09-23,2024-09-22,College of Natural Sciences,Completed,0
GNT_0000000612,FAC_00000533,88860,Industrial Partner,2023-02-02,2026-02-01,College of Natural Sciences,Completed,0
GNT_0000000613,FAC_00000589,246047,Private Foundation,2019-05-11,2022-05-10,College of Natural Sciences,Completed,7
GNT_0000000614,FAC_00000411,244580,DOD,2018-01-05,2020-01-05,College of Natural Sciences,Completed,4
GNT_0000000615,FAC_00000640,40081,DOD,2023-05-07,2027-05-06,College of Natural Sciences,Active,1
GNT_0000000616,FAC_00000654,672177,Industrial Partner,2020-12-15,2022-12-15,College of Natural Sciences,Completed,13
GNT_0000000617,FAC_00000361,408777,EPA,2022-04-13,2025-04-12,College of Natural Sciences,Completed,14
GNT_0000000618,FAC_00000628,79916,Private Foundation,2019-02-11,2022-02-10,College of Natural Sciences,Completed,3
GNT_0000000619,FAC_00000512,1977618,DOC,2024-12-26,2028-12-25,College of Natural Sciences,Active,83
GNT_0000000620,FAC_00000663,265011,NIH,2022-09-16,2025-09-15,College of Natural Sciences,Completed,9
GNT_0000000621,FAC_00000515,126007,NIH,2023-04-13,2025-04-12,College of Natural Sciences,Completed,5
GNT_0000000622,FAC_00000316,30613,USDA,2022-07-05,2024-07-04,College of Natural Sciences,Completed,0
GNT_0000000623,FAC_00000530,8371,DOC,2021-08-03,2023-08-03,College of Natural Sciences,Completed,0
GNT_0000000624,FAC_00000590,90001,DOD,2018-04-23,2020-04-22,College of Natural Sciences,Completed,2
GNT_0000000625,FAC_00000676,184415,DOE,2022-06-17,2025-06-16,College of Natural Sciences,Completed,9
GNT_0000000626,FAC_00000170,293789,NIH,2019-12-20,2020-12-19,College of Natural Sciences,Completed,6
GNT_0000000627,FAC_00000697,88297,DOE,2023-07-19,2025-07-18,College of Natural Sciences,Completed,1
GNT_0000000628,FAC_00000107,1163984,Industrial Partner,2020-04-07,2022-04-07,College of Natural Sciences,Completed,22
GNT_0000000629,FAC_00000235,388896,NIH,2021-06-08,2023-06-08,College of Natural Sciences,Completed,7
GNT_0000000630,FAC_00000387,72977,NIH,2018-10-02,2021-10-01,College of Natural Sciences,Completed,1
GNT_0000000631,FAC_00000298,285301,DOC,2018-12-01,2023-11-30,College of Natural Sciences,Completed,23
GNT_0000000632,FAC_00000116,92196,Private Foundation,2024-11-11,2028-11-10,College of Natural Sciences,Active,6
GNT_0000000633,FAC_00000653,278634,DOD,2019-09-11,2022-09-10,College of Natural Sciences,Completed,9
GNT_0000000634,FAC_00000662,68131,NIH,2018-07-03,2020-07-02,College of Natural Sciences,Completed,1
GNT_0000000635,FAC_00000348,605474,NSF,2024-06-21,2027-06-21,College of Natural Sciences,Active,15
GNT_0000000636,FAC_00000491,401362,Industrial Partner,2021-05-15,2023-05-15,College of Natural Sciences,Completed,5
GNT_0000000637,FAC_00000699,111331,NSF,2024-11-08,2028-11-07,College of Natural Sciences,Active,6
GNT_0000000638,FAC_00000334,533880,DOC,2018-02-21,2020-02-21,College of Natural Sciences,Completed,9
GNT_0000000639,FAC_00000413,921384,NIH,2020-06-28,2022-06-28,College of Natural Sciences,Completed,35
GNT_0000000640,FAC_00000693,1043487,NSF,2019-07-27,2020-07-26,College of Natural Sciences,Completed,9
GNT_0000000641,FAC_00000112,581926,DOE,2021-07-08,2025-07-07,College of Natural Sciences,Completed,29
GNT_0000000642,FAC_00000587,660786,NIH,2019-10-16,2021-10-15,College of Natural Sciences,Completed,18
GNT_0000000643,FAC_00000362,562592,Industrial Partner,2022-10-06,2025-10-05,College of Natural Sciences,Completed,16
GNT_0000000644,FAC_00000347,257147,DOE,2022-06-12,2024-06-11,College of Natural Sciences,Completed,4
GNT_0000000645,FAC_00000004,191566,DOC,2021-02-04,2023-02-04,College of Natural Sciences,Cancelled,2
GNT_0000000646,FAC_00000654,313800,Private Foundation,2024-07-10,2027-07-10,College of Natural Sciences,Active,10
GNT_0000000647,FAC_00000385,120188,DOC,2023-04-13,2026-04-12,College of Natural Sciences,Completed,3
GNT_0000000648,FAC_00000202,1887103,EPA,2021-11-20,2025-11-19,College of Natural Sciences,Completed,86
GNT_0000000649,FAC_00000470,323915,NSF,2024-01-22,2027-01-21,College of Natural Sciences,Active,11
GNT_0000000650,FAC_00000558,437586,USDA,2019-03-27,2021-03-26,College of Natural Sciences,Completed,5
GNT_0000000651,FAC_00000622,112204,NSF,2019-09-08,2024-09-06,College of Natural Sciences,Completed,3
GNT_0000000652,FAC_00000591,223839,NIH,2018-08-16,2019-08-16,College of Natural Sciences,Cancelled,5
GNT_0000000653,FAC_00000651,145027,DOE,2024-03-15,2029-03-14,College of Natural Sciences,Active,8
GNT_0000000654,FAC_00000002,612787,EPA,2019-01-28,2022-01-27,College of Natural Sciences,Completed,20
GNT_0000000655,FAC_00000676,54949,DOD,2018-03-18,2020-03-17,College of Natural Sciences,Cancelled,0
GNT_0000000656,FAC_00000343,34226,NSF,2022-10-14,2025-10-13,College of Natural Sciences,Cancelled,1
GNT_0000000657,FAC_00000450,74810,EPA,2019-11-13,2023-11-12,College of Natural Sciences,Completed,4
GNT_0000000658,FAC_00000535,31489,Private Foundation,2024-07-01,2026-07-01,College of Natural Sciences,Completed,0
GNT_0000000659,FAC_00000116,94885,DOD,2020-06-08,2025-06-07,College of Natural Sciences,Completed,4
GNT_0000000660,FAC_00000246,32436,DOE,2021-05-06,2025-05-05,College of Natural Sciences,Completed,2
GNT_0000000661,FAC_00000115,889289,NSF,2022-09-03,2023-09-03,College of Natural Sciences,Completed,6
GNT_0000000662,FAC_00000397,65313,NIH,2020-07-26,2021-07-26,College of Natural Sciences,Completed,0
GNT_0000000663,FAC_00000314,70887,NSF,2020-05-09,2024-05-08,College of Natural Sciences,Completed,3
GNT_0000000664,FAC_00000211,70661,DOD,2023-02-27,2026-02-26,College of Natural Sciences,Completed,0
GNT_0000000665,FAC_00000025,4996228,USDA,2022-12-22,2025-12-21,College of Natural Sciences,Completed,159
GNT_0000000666,FAC_00000448,327334,NSF,2024-07-03,2028-07-02,College of Natural Sciences,Active,13
GNT_0000000667,FAC_00000680,1468140,Industrial Partner,2019-01-04,2023-01-03,College of Natural Sciences,Completed,64
GNT_0000000668,FAC_00000037,207849,Industrial Partner,2020-10-23,2022-10-23,College of Natural Sciences,Completed,4
GNT_0000000669,FAC_00000663,3407599,USDA,2019-08-11,2021-08-10,College of Natural Sciences,Completed,61
GNT_0000000670,FAC_00000685,1545195,EPA,2019-11-07,2021-11-06,College of Natural Sciences,Completed,28
GNT_0000000671,FAC_00000578,138349,USDA,2022-06-18,2025-06-17,College of Natural Sciences,Completed,5
GNT_0000000672,FAC_00000576,715918,USDA,2024-11-10,2026-11-10,College of Natural Sciences,Active,12
GNT_0000000673,FAC_00000355,55982,NSF,2024-07-27,2026-07-27,College of Natural Sciences,Active,4
GNT_0000000674,FAC_00000697,3504653,Industrial Partner,2018-05-02,2020-05-01,College of Natural Sciences,Completed,64
GNT_0000000675,FAC_00000264,474291,USDA,2018-06-04,2022-06-03,College of Natural Sciences,Completed,22
GNT_0000000676,FAC_00000119,35170,USDA,2021-01-07,2024-01-07,College of Natural Sciences,Completed,0
GNT_0000000677,FAC_00000175,693361,Industrial Partner,2022-11-18,2025-11-17,College of Natural Sciences,Completed,18
GNT_0000000678,FAC_00000040,2279137,NIH,2022-09-01,2023-09-01,College of Natural Sciences,Completed,24
GNT_0000000679,FAC_00000086,479477,EPA,2020-03-16,2022-03-16,College of Natural Sciences,Completed,10
GNT_0000000680,FAC_00000619,100388,USDA,2018-04-01,2020-03-31,College of Natural Sciences,Completed,1
GNT_0000000681,FAC_00000178,984176,NIH,2019-05-05,2022-05-04,College of Natural Sciences,Completed,31
GNT_0000000682,FAC_00000531,435505,DOE,2024-08-14,2027-08-14,College of Natural Sciences,Active,19
GNT_0000000683,FAC_00000254,1244583,USDA,2024-04-14,2028-04-13,College of Natural Sciences,Active,44
GNT_0000000684,FAC_00000478,824553,DOC,2024-03-28,2028-03-27,College of Natural Sciences,Active,48
GNT_0000000685,FAC_00000506,261504,NIH,2021-09-28,2026-09-27,College of Natural Sciences,Active,14
GNT_0000000686,FAC_00000132,158060,Private Foundation,2019-02-09,2023-02-08,College of Natural Sciences,Completed,11
GNT_0000000687,FAC_00000557,1773595,NSF,2020-11-09,2022-11-09,College of Natural Sciences,Completed,42
GNT_0000000688,FAC_00000071,215587,NIH,2024-11-09,2026-11-09,College of Natural Sciences,Active,4
GNT_0000000689,FAC_00000338,785775,NIH,2021-08-04,2023-08-04,College of Natural Sciences,Completed,19
GNT_0000000690,FAC_00000588,21193,Industrial Partner,2020-09-25,2022-09-25,College of Natural Sciences,Completed,0
GNT_0000000691,FAC_00000431,1058926,NSF,2019-10-08,2022-10-07,College of Natural Sciences,Completed,26
GNT_0000000692,FAC_00000112,111768,NSF,2021-10-11,2024-10-10,College of Natural Sciences,Completed,3
GNT_0000000693,FAC_00000511,26644,NIH,2024-04-01,2029-03-31,College of Natural Sciences,Active,1
GNT_0000000694,FAC_00000607,101011,DOC,2018-10-14,2023-10-13,College of Natural Sciences,Completed,7
GNT_0000000695,FAC_00000336,40740,Industrial Partner,2018-10-26,2019-10-26,College of Natural Sciences,Completed,0
GNT_0000000696,FAC_00000374,202201,DOC,2024-01-14,2025-01-13,College of Natural Sciences,Completed,0
GNT_0000000697,FAC_00000103,45204,USDA,2022-08-13,2025-08-12,College of Natural Sciences,Completed,1
GNT_0000000698,FAC_00000393,340589,Private Foundation,2022-05-23,2027-05-22,College of Natural Sciences,Active,19
GNT_0000000699,FAC_00000266,47597,DOE,2021-11-28,2026-11-27,College of Natural Sciences,Active,3
GNT_0000000700,FAC_00000245,913001,Industrial Partner,2019-10-21,2022-10-20,College of Natural Sciences,Completed,29
GNT_0000000701,FAC_00000129,102647,DOE,2024-12-01,2029-11-30,College of Natural Sciences,Active,10
GNT_0000000702,FAC_00000461,215000,EPA,2023-10-06,2027-10-05,College of Natural Sciences,Active,6
GNT_0000000703,FAC_00000264,29890,NIH,2019-03-17,2022-03-16,College of Natural Sciences,Completed,0
GNT_0000000704,FAC_00000052,133947,NSF,2019-09-25,2021-09-24,College of Natural Sciences,Completed,4
GNT_0000000705,FAC_00000231,865985,DOE,2022-05-20,2024-05-19,College of Natural Sciences,Completed,20
GNT_0000000706,FAC_00000172,1054836,DOD,2021-09-15,2023-09-15,College of Natural Sciences,Completed,26
GNT_0000000707,FAC_00000179,518840,Industrial Partner,2019-05-28,2021-05-27,College of Natural Sciences,Completed,10
GNT_0000000708,FAC_00000674,10119,DOD,2024-06-25,2025-06-25,College of Natural Sciences,Completed,0
GNT_0000000709,FAC_00000678,68633,EPA,2022-06-04,2025-06-03,College of Natural Sciences,Completed,2
GNT_0000000710,FAC_00000216,75967,USDA,2020-12-08,2023-12-08,College of Natural Sciences,Completed,5
GNT_0000000711,FAC_00000469,582723,USDA,2018-06-18,2019-06-18,College of Natural Sciences,Completed,8
GNT_0000000712,FAC_00000356,1326012,DOE,2018-12-15,2021-12-14,College of Natural Sciences,Completed,30
GNT_0000000713,FAC_00000368,38615,NSF,2021-03-28,2025-03-27,College of Natural Sciences,Completed,2
GNT_0000000714,FAC_00000262,116783,Private Foundation,2022-08-04,2025-08-03,College of Natural Sciences,Completed,2
GNT_0000000715,FAC_00000191,79935,Industrial Partner,2020-08-09,2022-08-09,College of Natural Sciences,Completed,1
GNT_0000000716,FAC_00000610,749760,DOD,2022-04-01,2025-03-31,College of Natural Sciences,Completed,25
GNT_0000000717,FAC_00000626,1493275,USDA,2021-11-14,2025-11-13,College of Natural Sciences,Completed,56
GNT_0000000718,FAC_00000271,12033,NSF,2018-09-18,2020-09-17,College of Natural Sciences,Completed,0
GNT_0000000719,FAC_00000462,396335,USDA,2022-02-26,2026-02-25,College of Natural Sciences,Completed,11
GNT_0000000720,FAC_00000074,2455650,NIH,2023-02-25,2026-02-24,College of Natural Sciences,Completed,90
GNT_0000000721,FAC_00000141,25764,DOD,2021-07-27,2026-07-26,College of Natural Sciences,Active,3
GNT_0000000722,FAC_00000111,5000000,EPA,2021-05-25,2026-05-24,College of Natural Sciences,Completed,274
GNT_0000000723,FAC_00000460,24641,EPA,2020-12-25,2022-12-25,College of Natural Sciences,Completed,0
GNT_0000000724,FAC_00000343,31944,Private Foundation,2019-01-07,2022-01-06,College of Natural Sciences,Completed,1
GNT_0000000725,FAC_00000179,51322,NSF,2021-05-07,2025-05-06,College of Natural Sciences,Completed,3
GNT_0000000726,FAC_00000492,147536,DOD,2023-10-17,2027-10-16,College of Natural Sciences,Active,7
GNT_0000000727,FAC_00000146,158121,Private Foundation,2019-09-03,2020-09-02,College of Natural Sciences,Completed,0
GNT_0000000728,FAC_00000135,36270,Private Foundation,2018-09-16,2021-09-15,College of Natural Sciences,Completed,0
GNT_0000000729,FAC_00000557,9183,USDA,2024-04-18,2029-04-17,College of Natural Sciences,Active,1
GNT_0000000730,FAC_00000047,5000000,DOD,2024-08-15,2028-08-14,College of Natural Sciences,Active,223
GNT_0000000731,FAC_00000235,59670,Private Foundation,2023-11-24,2025-11-23,College of Natural Sciences,Completed,0
GNT_0000000732,FAC_00000089,178400,EPA,2020-06-17,2023-06-17,College of Natural Sciences,Completed,3
GNT_0000000733,FAC_00000355,396020,DOE,2023-04-24,2028-04-22,College of Natural Sciences,Active,21
GNT_0000000734,FAC_00000116,307227,DOC,2018-04-07,2020-04-06,College of Natural Sciences,Completed,5
GNT_0000000735,FAC_00000249,10341,EPA,2020-07-10,2025-07-09,College of Natural Sciences,Completed,0
GNT_0000000736,FAC_00000453,23907,DOC,2024-08-15,2028-08-14,College of Natural Sciences,Active,1
GNT_0000000737,FAC_00000464,77811,DOC,2019-01-27,2023-01-26,College of Natural Sciences,Completed,4
GNT_0000000738,FAC_00000607,93706,DOE,2019-05-04,2022-05-03,College of Natural Sciences,Completed,2
GNT_0000000739,FAC_00000361,131493,USDA,2020-04-23,2024-04-22,College of Natural Sciences,Completed,3
GNT_0000000740,FAC_00000635,2855623,USDA,2023-01-20,2024-01-20,College of Natural Sciences,Completed,38
GNT_0000000741,FAC_00000120,597960,DOC,2019-01-20,2024-01-19,College of Natural Sciences,Cancelled,32
GNT_0000000742,FAC_00000411,17694,EPA,2020-02-12,2022-02-11,College of Natural Sciences,Completed,1
GNT_0000000743,FAC_00000321,783266,Private Foundation,2022-04-17,2025-04-16,College of Natural Sciences,Completed,28
GNT_0000000744,FAC_00000646,459234,USDA,2020-11-28,2023-11-28,College of Natural Sciences,Completed,11
GNT_0000000745,FAC_00000493,5000,EPA,2020-07-01,2022-07-01,College of Natural Sciences,Completed,0
GNT_0000000746,FAC_00000451,204164,DOE,2024-03-18,2025-03-18,College of Natural Sciences,Completed,0
GNT_0000000747,FAC_00000370,53122,DOC,2018-03-13,2020-03-12,College of Natural Sciences,Completed,1
GNT_0000000748,FAC_00000530,982905,USDA,2023-03-12,2026-03-11,College of Natural Sciences,Completed,23
GNT_0000000749,FAC_00000655,18629,USDA,2018-05-26,2021-05-25,College of Natural Sciences,Completed,0
GNT_0000000750,FAC_00000240,1731617,DOE,2023-03-02,2028-02-29,College of Natural Sciences,Active,78
GNT_0000000751,FAC_00000260,306350,NIH,2024-05-03,2027-05-03,College of Natural Sciences,Active,10
GNT_0000000752,FAC_00000510,43287,NSF,2018-11-28,2021-11-27,College of Natural Sciences,Completed,4
GNT_0000000753,FAC_00000643,52537,NSF,2020-03-28,2023-03-28,College of Natural Sciences,Completed,2
GNT_0000000754,FAC_00000442,1137621,DOD,2018-04-03,2020-04-02,College of Natural Sciences,Completed,20
GNT_0000000755,FAC_00000138,2143193,NSF,2021-10-02,2023-10-02,College of Natural Sciences,Completed,48
GNT_0000000756,FAC_00000089,562444,DOD,2021-12-21,2023-12-21,College of Natural Sciences,Completed,12
GNT_0000000757,FAC_00000461,123903,Industrial Partner,2018-06-15,2019-06-15,College of Natural Sciences,Completed,0
GNT_0000000758,FAC_00000039,2960776,NSF,2023-08-05,2027-08-04,College of Natural Sciences,Active,113
GNT_0000000759,FAC_00000315,57161,NIH,2023-01-09,2027-01-08,College of Natural Sciences,Active,2
GNT_0000000760,FAC_00000109,169562,DOD,2024-05-03,2026-05-03,College of Natural Sciences,Completed,1
GNT_0000000761,FAC_00000492,7946,EPA,2023-01-02,2025-01-01,College of Natural Sciences,Completed,0
GNT_0000000762,FAC_00000493,47667,NIH,2024-12-23,2026-12-23,College of Natural Sciences,Active,0
GNT_0000000763,FAC_00000583,446516,Private Foundation,2021-08-23,2025-08-22,College of Natural Sciences,Completed,21
GNT_0000000764,FAC_00000503,1360376,DOD,2024-10-27,2029-10-26,College of Natural Sciences,Active,74
GNT_0000000765,FAC_00000088,251723,USDA,2022-12-09,2024-12-08,College of Natural Sciences,Completed,6
GNT_0000000766,FAC_00000315,1069363,USDA,2021-02-19,2024-02-19,College of Natural Sciences,Completed,25
GNT_0000000767,FAC_00000348,560170,DOC,2022-04-06,2027-04-05,College of Natural Sciences,Active,27
GNT_0000000768,FAC_00000479,1700599,NIH,2021-05-12,2024-05-11,College of Natural Sciences,Completed,55
GNT_0000000769,FAC_00000426,28808,DOE,2020-04-27,2023-04-27,College of Natural Sciences,Completed,0
GNT_0000000770,FAC_00000073,26764,DOD,2021-09-21,2024-09-20,College of Natural Sciences,Completed,3
GNT_0000000771,FAC_00000569,264507,DOE,2023-02-02,2026-02-01,College of Natural Sciences,Completed,5
GNT_0000000772,FAC_00000696,359440,USDA,2019-10-16,2022-10-15,College of Natural Sciences,Cancelled,14
GNT_0000000773,FAC_00000410,268281,DOC,2019-12-20,2023-12-19,College of Natural Sciences,Completed,10
GNT_0000000774,FAC_00000463,844703,USDA,2020-05-04,2024-05-03,College of Natural Sciences,Completed,30
GNT_0000000775,FAC_00000568,195387,USDA,2023-11-05,2026-11-04,College of Natural Sciences,Active,5
GNT_0000000776,FAC_00000179,390808,DOE,2019-03-25,2024-03-23,College of Natural Sciences,Completed,14
GNT_0000000777,FAC_00000665,12703,NIH,2020-05-18,2025-05-17,College of Natural Sciences,Completed,0
GNT_0000000778,FAC_00000549,649303,NIH,2024-08-01,2026-08-01,College of Natural Sciences,Active,11
GNT_0000000779,FAC_00000295,31538,NIH,2020-10-24,2023-10-24,College of Natural Sciences,Completed,0
GNT_0000000780,FAC_00000279,79893,USDA,2024-12-18,2027-12-18,College of Natural Sciences,Active,5
GNT_0000000781,FAC_00000667,25117,NSF,2020-08-05,2022-08-05,College of Natural Sciences,Completed,0
GNT_0000000782,FAC_00000638,26615,DOD,2020-12-13,2023-12-13,College of Natural Sciences,Completed,0
GNT_0000000783,FAC_00000234,78670,NSF,2020-05-28,2023-05-28,College of Natural Sciences,Completed,2
GNT_0000000784,FAC_00000252,103633,DOE,2020-10-14,2021-10-14,College of Natural Sciences,Completed,0
GNT_0000000785,FAC_00000224,1596854,DOC,2020-04-06,2024-04-05,College of Natural Sciences,Completed,68
GNT_0000000786,FAC_00000545,16887,NIH,2023-03-12,2025-03-11,College of Natural Sciences,Completed,1
GNT_0000000787,FAC_00000149,175288,DOD,2021-02-16,2024-02-16,College of Natural Sciences,Completed,4
GNT_0000000788,FAC_00000278,2212435,Private Foundation,2019-05-26,2022-05-25,College of Natural Sciences,Completed,69
GNT_0000000789,FAC_00000194,665475,DOE,2024-03-06,2029-03-05,College of Natural Sciences,Active,29
GNT_0000000790,FAC_00000575,594929,DOC,2022-05-01,2025-04-30,College of Natural Sciences,Completed,20
GNT_0000000791,FAC_00000390,134403,DOC,2019-05-27,2020-05-26,College of Natural Sciences,Completed,0
GNT_0000000792,FAC_00000284,20951,DOC,2024-12-21,2026-12-21,College of Natural Sciences,Active,0
GNT_0000000793,FAC_00000513,35154,USDA,2022-11-07,2024-11-06,College of Natural Sciences,Completed,0
GNT_0000000794,FAC_00000675,10868,DOC,2023-03-14,2025-03-13,College of Natural Sciences,Completed,2
GNT_0000000795,FAC_00000626,507678,Industrial Partner,2022-02-04,2023-02-04,College of Natural Sciences,Completed,4
GNT_0000000796,FAC_00000216,67027,USDA,2018-09-27,2021-09-26,College of Natural Sciences,Completed,3
GNT_0000000797,FAC_00000267,167117,NSF,2021-10-02,2023-10-02,College of Natural Sciences,Completed,1
GNT_0000000798,FAC_00000173,109783,NIH,2023-01-07,2027-01-06,College of Natural Sciences,Active,2
GNT_0000000799,FAC_00000537,130863,DOC,2020-05-13,2022-05-13,College of Natural Sciences,Completed,3
GNT_0000000800,FAC_00000589,494669,EPA,2019-09-14,2024-09-12,College of Natural Sciences,Cancelled,25
GNT_0000000801,FAC_00000622,245287,EPA,2021-02-23,2023-02-23,College of Natural Sciences,Completed,3
GNT_0000000802,FAC_00000696,411500,USDA,2020-07-07,2024-07-06,College of Natural Sciences,Completed,16
GNT_0000000803,FAC_00000538,1146990,DOD,2022-01-16,2025-01-15,College of Natural Sciences,Completed,36
GNT_0000000804,FAC_00000127,1529743,Industrial Partner,2022-01-05,2025-01-04,College of Natural Sciences,Completed,54
GNT_0000000805,FAC_00000135,840690,DOC,2018-09-13,2020-09-12,College of Natural Sciences,Completed,10
GNT_0000000806,FAC_00000373,150770,Industrial Partner,2018-08-23,2020-08-22,College of Natural Sciences,Completed,1
GNT_0000000807,FAC_00000087,1009599,DOD,2020-11-06,2024-11-05,College of Natural Sciences,Completed,28
GNT_0000000808,FAC_00000213,236938,DOE,2019-01-05,2022-01-04,College of Natural Sciences,Completed,7
GNT_0000000809,FAC_00000538,443111,DOC,2023-01-02,2026-01-01,College of Natural Sciences,Completed,10
GNT_0000000810,FAC_00000242,1523766,DOD,2023-10-11,2027-10-10,College of Natural Sciences,Active,62
GNT_0000000811,FAC_00000426,142346,USDA,2020-04-13,2022-04-13,College of Natural Sciences,Completed,4
GNT_0000000812,FAC_00000170,38101,DOE,2023-07-24,2026-07-23,College of Natural Sciences,Active,1
GNT_0000000813,FAC_00000372,766849,Private Foundation,2023-03-03,2025-03-02,College of Natural Sciences,Completed,7
GNT_0000000814,FAC_00000332,172863,DOD,2020-10-12,2025-10-11,College of Natural Sciences,Completed,8
GNT_0000000815,FAC_00000353,410283,EPA,2021-04-14,2023-04-14,College of Natural Sciences,Completed,9
GNT_0000000816,FAC_00000313,1948159,Private Foundation,2022-09-19,2025-09-18,College of Natural Sciences,Completed,56
GNT_0000000817,FAC_00000353,309354,DOE,2024-01-01,2026-12-31,College of Natural Sciences,Active,10
GNT_0000000818,FAC_00000540,253587,EPA,2018-06-15,2020-06-14,College of Natural Sciences,Completed,5
GNT_0000000819,FAC_00000410,2479841,DOC,2019-08-20,2022-08-19,College of Natural Sciences,Completed,68
GNT_0000000820,FAC_00000065,22654,DOE,2021-06-01,2024-05-31,College of Natural Sciences,Completed,0
GNT_0000000821,FAC_00000647,83360,NSF,2022-01-04,2024-01-04,College of Natural Sciences,Completed,1
GNT_0000000822,FAC_00000691,177576,Industrial Partner,2022-08-08,2025-08-07,College of Natural Sciences,Completed,9
GNT_0000000823,FAC_00000636,56943,EPA,2018-03-11,2020-03-10,College of Natural Sciences,Completed,2
GNT_0000000824,FAC_00000443,887307,Private Foundation,2021-10-01,2024-09-30,College of Natural Sciences,Completed,30
GNT_0000000825,FAC_00000069,274496,DOE,2020-01-26,2024-01-25,College of Natural Sciences,Completed,11
GNT_0000000826,FAC_00000259,155538,Industrial Partner,2020-08-07,2022-08-07,College of Natural Sciences,Completed,3
GNT_0000000827,FAC_00000288,53861,Private Foundation,2023-10-15,2025-10-14,College of Natural Sciences,Completed,2
GNT_0000000828,FAC_00000104,1325972,DOD,2021-02-07,2025-02-06,College of Natural Sciences,Completed,46
GNT_0000000829,FAC_00000340,177890,NIH,2022-01-21,2025-01-20,College of Natural Sciences,Completed,3
GNT_0000000830,FAC_00000056,2558186,NSF,2018-08-06,2023-08-05,College of Natural Sciences,Completed,117
GNT_0000000831,FAC_00000047,1176536,DOE,2023-03-03,2028-03-01,College of Natural Sciences,Active,56
GNT_0000000832,FAC_00000377,282920,DOE,2018-02-07,2021-02-06,College of Natural Sciences,Completed,4
GNT_0000000833,FAC_00000468,121874,USDA,2023-09-27,2027-09-26,College of Natural Sciences,Active,6
GNT_0000000834,FAC_00000126,284619,Industrial Partner,2019-07-19,2023-07-18,College of Natural Sciences,Completed,8
GNT_0000000835,FAC_00000360,316044,DOC,2020-01-24,2023-01-23,College of Natural Sciences,Completed,2
GNT_0000000836,FAC_00000246,1435763,NSF,2023-09-16,2025-09-15,College of Natural Sciences,Completed,25
GNT_0000000837,FAC_00000384,903239,NSF,2018-02-21,2020-02-21,College of Natural Sciences,Completed,21
GNT_0000000838,FAC_00000042,167250,NIH,2021-07-16,2026-07-15,College of Natural Sciences,Cancelled,9
GNT_0000000839,FAC_00000047,137263,USDA,2020-03-06,2023-03-06,College of Natural Sciences,Completed,4
GNT_0000000840,FAC_00000267,2897822,USDA,2021-02-01,2023-02-01,College of Natural Sciences,Completed,57
GNT_0000000841,FAC_00000501,335379,DOE,2023-05-11,2025-05-10,College of Natural Sciences,Completed,7
GNT_0000000842,FAC_00000390,43331,USDA,2023-12-25,2028-12-23,College of Natural Sciences,Active,3
GNT_0000000843,FAC_00000155,441827,NIH,2023-05-24,2025-05-23,College of Natural Sciences,Completed,9
GNT_0000000844,FAC_00000420,5000,Private Foundation,2021-07-26,2024-07-25,College of Natural Sciences,Completed,0
GNT_0000000845,FAC_00000156,1463803,NIH,2021-02-16,2025-02-15,College of Natural Sciences,Cancelled,61
GNT_0000000846,FAC_00000371,2200775,Private Foundation,2018-02-19,2022-02-18,College of Natural Sciences,Completed,101
GNT_0000000847,FAC_00000497,344209,DOC,2021-03-18,2022-03-18,College of Natural Sciences,Completed,3
GNT_0000000848,FAC_00000268,185521,Industrial Partner,2023-02-16,2025-02-15,College of Natural Sciences,Completed,4
GNT_0000000849,FAC_00000320,392173,USDA,2019-01-15,2021-01-14,College of Natural Sciences,Completed,6
GNT_0000000850,FAC_00000141,206774,NIH,2019-05-10,2022-05-09,College of Natural Sciences,Completed,6
GNT_0000000851,FAC_00000675,2197003,DOC,2019-04-14,2022-04-13,College of Natural Sciences,Completed,60
GNT_0000000852,FAC_00000403,5000000,Industrial Partner,2021-01-05,2023-01-05,College of Natural Sciences,Completed,95
GNT_0000000853,FAC_00000426,65190,DOD,2023-04-25,2026-04-24,College of Natural Sciences,Completed,2
GNT_0000000854,FAC_00000213,543007,NSF,2022-05-10,2025-05-09,College of Natural Sciences,Completed,20
GNT_0000000855,FAC_00000168,258390,EPA,2019-03-06,2024-03-04,College of Natural Sciences,Completed,10
GNT_0000000856,FAC_00000532,187647,DOC,2022-06-05,2026-06-04,College of Natural Sciences,Completed,10
GNT_0000000857,FAC_00000256,681300,NSF,2019-02-21,2022-02-20,College of Natural Sciences,Completed,17
GNT_0000000858,FAC_00000633,45920,NSF,2018-07-01,2021-06-30,College of Natural Sciences,Completed,1
GNT_0000000859,FAC_00000343,14013,Industrial Partner,2024-03-11,2025-03-11,College of Natural Sciences,Completed,0
GNT_0000000860,FAC_00000294,9448,DOD,2018-03-07,2020-03-06,College of Natural Sciences,Completed,0
GNT_0000000861,FAC_00000443,183810,NSF,2021-10-09,2023-10-09,College of Natural Sciences,Completed,2
GNT_0000000862,FAC_00000595,184740,NIH,2018-02-05,2022-02-04,College of Natural Sciences,Completed,5
GNT_0000000863,FAC_00000266,175001,EPA,2018-12-22,2020-12-21,College of Natural Sciences,Completed,2
GNT_0000000864,FAC_00000497,209596,DOD,2018-12-01,2019-12-01,College of Natural Sciences,Completed,3
GNT_0000000865,FAC_00000609,79436,DOE,2024-10-09,2027-10-09,College of Natural Sciences,Active,2
GNT_0000000866,FAC_00000428,248510,NIH,2021-05-24,2023-05-24,College of Natural Sciences,Completed,5
GNT_0000000867,FAC_00000673,595523,EPA,2019-08-26,2021-08-25,College of Natural Sciences,Completed,15
GNT_0000000868,FAC_00000169,80306,Industrial Partner,2018-08-06,2021-08-05,College of Natural Sciences,Completed,2
GNT_0000000869,FAC_00000672,5000,DOD,2021-07-20,2023-07-20,College of Natural Sciences,Completed,0
GNT_0000000870,FAC_00000639,1492375,NIH,2021-01-07,2024-01-07,College of Natural Sciences,Completed,40
GNT_0000000871,FAC_00000588,172221,DOC,2019-11-06,2020-11-05,College of Natural Sciences,Completed,2
GNT_0000000872,FAC_00000107,54530,Private Foundation,2024-07-21,2026-07-21,College of Natural Sciences,Active,0
GNT_0000000873,FAC_00000224,237262,Industrial Partner,2021-11-12,2023-11-12,College of Natural Sciences,Completed,7
GNT_0000000874,FAC_00000020,5000000,USDA,2022-06-04,2025-06-03,College of Natural Sciences,Completed,151
GNT_0000000875,FAC_00000544,556753,NSF,2018-04-05,2022-04-04,College of Natural Sciences,Completed,25
GNT_0000000876,FAC_00000686,942537,DOD,2022-08-14,2025-08-13,College of Natural Sciences,Completed,20
GNT_0000000877,FAC_00000046,316039,DOE,2022-02-21,2024-02-21,College of Natural Sciences,Cancelled,6
GNT_0000000878,FAC_00000583,4933369,Private Foundation,2022-08-20,2026-08-19,College of Natural Sciences,Active,215
GNT_0000000879,FAC_00000134,194784,Private Foundation,2024-05-24,2026-05-24,College of Natural Sciences,Completed,6
GNT_0000000880,FAC_00000034,64077,DOD,2021-09-01,2023-09-01,College of Natural Sciences,Completed,1
GNT_0000000881,FAC_00000524,24022,DOC,2019-11-05,2024-11-03,College of Natural Sciences,Completed,0
GNT_0000000882,FAC_00000595,327769,NIH,2021-05-12,2024-05-11,College of Natural Sciences,Completed,15
GNT_0000000883,FAC_00000582,32892,DOC,2022-12-12,2026-12-11,College of Natural Sciences,Active,1
GNT_0000000884,FAC_00000426,313286,NSF,2018-10-18,2020-10-17,College of Natural Sciences,Completed,6
GNT_0000000885,FAC_00000221,231434,Industrial Partner,2024-06-04,2028-06-03,College of Natural Sciences,Active,12
GNT_0000000886,FAC_00000070,110275,DOD,2019-07-02,2023-07-01,College of Natural Sciences,Completed,5
GNT_0000000887,FAC_00000448,532265,Industrial Partner,2019-03-04,2023-03-03,College of Natural Sciences,Completed,24
GNT_0000000888,FAC_00000654,1691758,Private Foundation,2019-02-19,2022-02-18,College of Natural Sciences,Completed,46
GNT_0000000889,FAC_00000092,617674,USDA,2022-11-04,2024-11-03,College of Natural Sciences,Completed,11
GNT_0000000890,FAC_00000097,5000000,USDA,2019-06-18,2022-06-17,College of Natural Sciences,Completed,160
GNT_0000000891,FAC_00000649,115344,NIH,2024-10-27,2027-10-27,College of Natural Sciences,Active,9
GNT_0000000892,FAC_00000392,522022,NIH,2023-02-06,2027-02-05,College of Natural Sciences,Active,25
GNT_0000000893,FAC_00000587,380817,EPA,2019-07-18,2022-07-17,College of Natural Sciences,Completed,13
GNT_0000000894,FAC_00000144,114190,DOE,2018-07-25,2021-07-24,College of Natural Sciences,Completed,5
GNT_0000000895,FAC_00000028,57267,USDA,2022-12-10,2024-12-09,College of Natural Sciences,Cancelled,0
GNT_0000000896,FAC_00000343,494399,DOD,2018-12-20,2019-12-20,College of Natural Sciences,Completed,8
GNT_0000000897,FAC_00000655,298468,EPA,2022-09-14,2025-09-13,College of Natural Sciences,Completed,7
GNT_0000000898,FAC_00000041,1149357,DOC,2018-05-16,2019-05-16,College of Natural Sciences,Completed,7
GNT_0000000899,FAC_00000352,220624,EPA,2019-09-14,2020-09-13,College of Natural Sciences,Cancelled,2
GNT_0000000900,FAC_00000310,105530,Industrial Partner,2019-09-22,2020-09-21,College of Natural Sciences,Completed,0
GNT_0000000901,FAC_00000537,4327432,Industrial Partner,2019-07-05,2023-07-04,College of Natural Sciences,Completed,164
GNT_0000000902,FAC_00000698,7649,NIH,2021-04-15,2022-04-15,College of Natural Sciences,Completed,0
GNT_0000000903,FAC_00000312,101862,NSF,2021-07-02,2024-07-01,College of Natural Sciences,Completed,4
GNT_0000000904,FAC_00000088,176364,EPA,2021-01-17,2025-01-16,College of Natural Sciences,Completed,10
GNT_0000000905,FAC_00000145,233159,DOD,2023-09-09,2026-09-08,College of Natural Sciences,Active,7
GNT_0000000906,FAC_00000090,60462,USDA,2019-05-15,2022-05-14,College of Natural Sciences,Completed,3
GNT_0000000907,FAC_00000415,79334,NIH,2020-05-01,2023-05-01,College of Natural Sciences,Completed,1
GNT_0000000908,FAC_00000046,116322,NIH,2020-09-24,2023-09-24,College of Natural Sciences,Completed,3
GNT_0000000909,FAC_00000036,321975,Industrial Partner,2022-04-15,2025-04-14,College of Natural Sciences,Completed,9
GNT_0000000910,FAC_00000404,9930,DOC,2024-11-18,2027-11-18,College of Natural Sciences,Active,0
GNT_0000000911,FAC_00000552,352149,USDA,2023-02-19,2028-02-18,College of Natural Sciences,Active,23
GNT_0000000912,FAC_00000460,40859,DOE,2020-02-19,2023-02-18,College of Natural Sciences,Completed,3
GNT_0000000913,FAC_00000474,174093,NSF,2024-01-16,2025-01-15,College of Natural Sciences,Completed,3
GNT_0000000914,FAC_00000423,291213,DOD,2021-05-20,2024-05-19,College of Natural Sciences,Completed,9
GNT_0000000915,FAC_00000030,64315,EPA,2019-10-05,2022-10-04,College of Natural Sciences,Completed,1
GNT_0000000916,FAC_00000639,356709,EPA,2020-02-14,2022-02-13,College of Natural Sciences,Completed,4
GNT_0000000917,FAC_00000162,830643,DOD,2023-05-02,2025-05-01,College of Natural Sciences,Completed,13
GNT_0000000918,FAC_00000420,470854,Private Foundation,2018-01-13,2021-01-12,College of Natural Sciences,Completed,15
GNT_0000000919,FAC_00000283,68910,Private Foundation,2021-10-24,2024-10-23,College of Natural Sciences,Completed,2
GNT_0000000920,FAC_00000233,270812,DOE,2020-12-25,2022-12-25,College of Natural Sciences,Completed,5
GNT_0000000921,FAC_00000361,174840,NIH,2022-09-27,2023-09-27,College of Natural Sciences,Completed,1
GNT_0000000922,FAC_00000255,567453,EPA,2018-04-13,2022-04-12,College of Natural Sciences,Completed,25
GNT_0000000923,FAC_00000477,118115,EPA,2018-10-24,2019-10-24,College of Natural Sciences,Completed,2
GNT_0000000924,FAC_00000384,143130,DOD,2019-11-05,2022-11-04,College of Natural Sciences,Completed,6
GNT_0000000925,FAC_00000630,11117,NSF,2019-04-26,2024-04-24,College of Natural Sciences,Completed,0
GNT_0000000926,FAC_00000398,91373,DOC,2022-06-08,2025-06-07,College of Natural Sciences,Completed,1
GNT_0000000927,FAC_00000250,556507,Private Foundation,2022-05-18,2025-05-17,College of Natural Sciences,Completed,22
GNT_0000000928,FAC_00000386,5000000,DOE,2024-05-17,2028-05-16,College of Natural Sciences,Active,196
GNT_0000000929,FAC_00000614,101275,Private Foundation,2021-07-09,2024-07-08,College of Natural Sciences,Completed,4
GNT_0000000930,FAC_00000290,71324,Industrial Partner,2021-08-02,2023-08-02,College of Natural Sciences,Completed,2
GNT_0000000931,FAC_00000318,106736,DOE,2019-09-06,2021-09-05,College of Natural Sciences,Completed,4
GNT_0000000932,FAC_00000124,413094,EPA,2024-02-08,2026-02-07,College of Natural Sciences,Completed,5
GNT_0000000933,FAC_00000545,135742,DOC,2018-10-17,2022-10-16,College of Natural Sciences,Completed,4
GNT_0000000934,FAC_00000279,1828562,NIH,2020-07-11,2024-07-10,College of Natural Sciences,Completed,63
GNT_0000000935,FAC_00000099,54690,DOD,2020-05-14,2022-05-14,College of Natural Sciences,Completed,1
GNT_0000000936,FAC_00000255,93413,USDA,2022-03-05,2027-03-04,College of Natural Sciences,Active,4
GNT_0000000937,FAC_00000002,87435,EPA,2022-12-28,2025-12-27,College of Natural Sciences,Completed,1
GNT_0000000938,FAC_00000085,649857,EPA,2020-01-06,2023-01-05,College of Natural Sciences,Cancelled,13
GNT_0000000939,FAC_00000080,443592,USDA,2019-02-06,2022-02-05,College of Natural Sciences,Completed,8
GNT_0000000940,FAC_00000384,129136,Private Foundation,2020-04-24,2025-04-23,College of Natural Sciences,Completed,7
GNT_0000000941,FAC_00000394,16580,DOD,2021-12-16,2024-12-15,College of Natural Sciences,Completed,0
GNT_0000000942,FAC_00000086,1073450,Private Foundation,2024-11-24,2026-11-24,College of Natural Sciences,Active,20
GNT_0000000943,FAC_00000477,19088,DOE,2019-03-28,2022-03-27,College of Natural Sciences,Completed,0
GNT_0000000944,FAC_00000185,128066,EPA,2019-01-12,2021-01-11,College of Natural Sciences,Completed,3
GNT_0000000945,FAC_00000001,1035319,DOD,2024-06-01,2029-05-31,College of Natural Sciences,Active,43
GNT_0000000946,FAC_00000225,285822,NSF,2021-04-25,2024-04-24,College of Natural Sciences,Completed,8
GNT_0000000947,FAC_00000382,461243,Private Foundation,2018-04-01,2023-03-31,College of Natural Sciences,Completed,27
GNT_0000000948,FAC_00000633,28332,DOD,2024-01-01,2024-12-31,College of Natural Sciences,Completed,0
GNT_0000000949,FAC_00000645,1090196,NSF,2022-01-18,2026-01-17,College of Natural Sciences,Completed,50
GNT_0000000950,FAC_00000417,176987,EPA,2021-09-13,2022-09-13,College of Natural Sciences,Completed,3
GNT_0000000951,FAC_00000395,357716,DOD,2023-04-26,2026-04-25,College of Natural Sciences,Completed,14
GNT_0000000952,FAC_00000421,24697,NSF,2020-05-24,2025-05-23,College of Natural Sciences,Completed,2
GNT_0000000953,FAC_00000689,42208,DOD,2020-12-13,2022-12-13,College of Natural Sciences,Completed,0
GNT_0000000954,FAC_00000429,238896,DOD,2019-08-08,2023-08-07,College of Natural Sciences,Completed,9
GNT_0000000955,FAC_00000459,108714,NSF,2019-10-04,2021-10-03,College of Natural Sciences,Completed,2
GNT_0000000956,FAC_00000007,147281,USDA,2022-10-01,2025-09-30,College of Natural Sciences,Completed,5
GNT_0000000957,FAC_00000048,700578,Industrial Partner,2024-01-17,2028-01-16,College of Natural Sciences,Active,34
GNT_0000000958,FAC_00000512,131295,USDA,2023-09-19,2025-09-18,College of Natural Sciences,Completed,2
GNT_0000000959,FAC_00000560,353361,NSF,2024-10-03,2027-10-03,College of Natural Sciences,Active,11
GNT_0000000960,FAC_00000467,831936,NSF,2022-02-09,2025-02-08,College of Natural Sciences,Cancelled,32
GNT_0000000961,FAC_00000634,280748,DOC,2018-02-13,2021-02-12,College of Natural Sciences,Completed,12
GNT_0000000962,FAC_00000157,70197,EPA,2024-01-01,2024-12-31,College of Natural Sciences,Completed,0
GNT_0000000963,FAC_00000107,507196,DOD,2022-10-28,2024-10-27,College of Natural Sciences,Completed,8
GNT_0000000964,FAC_00000476,1059614,DOD,2021-02-13,2026-02-12,College of Natural Sciences,Completed,49
GNT_0000000965,FAC_00000562,48506,DOE,2023-10-25,2028-10-23,College of Natural Sciences,Active,0
GNT_0000000966,FAC_00000263,204707,DOC,2021-12-21,2022-12-21,College of Natural Sciences,Completed,1
GNT_0000000967,FAC_00000553,104610,NIH,2019-03-27,2023-03-26,College of Natural Sciences,Completed,4
GNT_0000000968,FAC_00000463,292186,Industrial Partner,2018-04-05,2022-04-04,College of Natural Sciences,Completed,15
GNT_0000000969,FAC_00000621,19210,NIH,2019-11-16,2022-11-15,College of Natural Sciences,Completed,2
GNT_0000000970,FAC_00000164,51323,DOE,2020-04-15,2023-04-15,College of Natural Sciences,Completed,1
GNT_0000000971,FAC_00000052,307262,DOE,2020-12-27,2023-12-27,College of Natural Sciences,Completed,13
GNT_0000000972,FAC_00000382,548718,Industrial Partner,2020-10-22,2022-10-22,College of Natural Sciences,Completed,10
GNT_0000000973,FAC_00000334,378384,NIH,2024-09-25,2029-09-24,College of Natural Sciences,Active,27
GNT_0000000974,FAC_00000077,1806760,DOC,2018-10-24,2020-10-23,College of Natural Sciences,Completed,39
GNT_0000000975,FAC_00000057,644152,Private Foundation,2022-08-24,2025-08-23,College of Natural Sciences,Completed,27
GNT_0000000976,FAC_00000309,2318428,NSF,2024-12-20,2027-12-20,College of Natural Sciences,Active,57
GNT_0000000977,FAC_00000689,5000,NIH,2018-01-13,2020-01-13,College of Natural Sciences,Cancelled,0
GNT_0000000978,FAC_00000557,230384,DOD,2020-01-18,2023-01-17,College of Natural Sciences,Completed,7
GNT_0000000979,FAC_00000236,23797,EPA,2020-12-11,2022-12-11,College of Natural Sciences,Completed,1
GNT_0000000980,FAC_00000013,159036,EPA,2018-05-18,2020-05-17,College of Natural Sciences,Completed,4
GNT_0000000981,FAC_00000387,344264,Private Foundation,2021-02-28,2022-02-28,College of Natural Sciences,Completed,3
GNT_0000000982,FAC_00000200,332017,Industrial Partner,2020-09-14,2022-09-14,College of Natural Sciences,Completed,3
GNT_0000000983,FAC_00000214,134500,DOC,2019-08-09,2024-08-07,College of Natural Sciences,Completed,6
GNT_0000000984,FAC_00000063,27659,Private Foundation,2019-07-08,2024-07-06,College of Natural Sciences,Completed,2
GNT_0000000985,FAC_00000455,18837,Industrial Partner,2021-01-02,2025-01-01,College of Natural Sciences,Completed,1
GNT_0000000986,FAC_00000494,56318,DOE,2023-01-20,2024-01-20,College of Natural Sciences,Cancelled,1
GNT_0000000987,FAC_00000397,30324,DOC,2018-10-17,2021-10-16,College of Natural Sciences,Completed,2
GNT_0000000988,FAC_00000596,212913,Industrial Partner,2023-05-22,2027-05-21,College of Natural Sciences,Active,13
GNT_0000000989,FAC_00000425,1019460,Private Foundation,2018-04-08,2023-04-07,College of Natural Sciences,Completed,47
GNT_0000000990,FAC_00000223,40627,Industrial Partner,2021-07-04,2023-07-04,College of Natural Sciences,Completed,3
GNT_0000000991,FAC_00000052,24069,EPA,2021-02-24,2024-02-24,College of Natural Sciences,Cancelled,0
GNT_0000000992,FAC_00000234,23633,DOD,2018-04-15,2022-04-14,College of Natural Sciences,Completed,0
GNT_0000000993,FAC_00000490,573759,Private Foundation,2023-02-04,2024-02-04,College of Natural Sciences,Completed,7
GNT_0000000994,FAC_00000598,171942,Industrial Partner,2018-09-03,2021-09-02,College of Natural Sciences,Completed,5
GNT_0000000995,FAC_00000144,605784,DOD,2022-06-03,2026-06-02,College of Natural Sciences,Completed,23
GNT_0000000996,FAC_00000412,300376,NIH,2021-11-20,2024-11-19,College of Natural Sciences,Completed,11
GNT_0000000997,FAC_00000414,185848,NSF,2023-09-21,2027-09-20,College of Natural Sciences,Active,7
GNT_0000000998,FAC_00000487,655461,Industrial Partner,2024-06-23,2026-06-23,College of Natural Sciences,Completed,15
GNT_0000000999,FAC_00000236,531495,DOC,2018-05-11,2021-05-10,College of Natural Sciences,Completed,13
GNT_0000001000,FAC_00000519,134107,DOE,2023-09-05,2028-09-03,College of Natural Sciences,Active,4
GNT_0000001001,FAC_00000576,361235,NIH,2022-10-26,2023-10-26,College of Natural Sciences,Completed,1
GNT_0000001002,FAC_00000072,21405,DOC,2020-05-05,2023-05-05,College of Natural Sciences,Completed,1
GNT_0000001003,FAC_00000314,1018326,DOE,2019-01-07,2020-01-07,College of Natural Sciences,Completed,14
GNT_0000001004,FAC_00000604,4031288,Industrial Partner,2023-11-09,2025-11-08,College of Natural Sciences,Completed,85
GNT_0000001005,FAC_00000106,321181,DOD,2023-11-01,2026-10-31,College of Natural Sciences,Active,9
GNT_0000001006,FAC_00000413,24892,EPA,2022-02-12,2026-02-11,College of Natural Sciences,Completed,1
GNT_0000001007,FAC_00000584,79403,Industrial Partner,2023-04-11,2026-04-10,College of Natural Sciences,Completed,1
GNT_0000001008,FAC_00000036,42886,DOD,2024-04-09,2027-04-09,College of Natural Sciences,Active,1
GNT_0000001009,FAC_00000657,81508,NSF,2020-07-14,2025-07-13,College of Natural Sciences,Completed,4
GNT_0000001010,FAC_00000010,467989,Industrial Partner,2024-01-15,2026-01-14,College of Natural Sciences,Completed,11
GNT_0000001011,FAC_00000159,429779,Industrial Partner,2018-06-13,2021-06-12,College of Natural Sciences,Completed,17
GNT_0000001012,FAC_00000511,175066,DOD,2021-10-20,2024-10-19,College of Natural Sciences,Completed,6
GNT_0000001013,FAC_00000242,991462,DOD,2019-10-09,2022-10-08,College of Natural Sciences,Completed,29
GNT_0000001014,FAC_00000244,177397,NIH,2022-05-19,2026-05-18,College of Natural Sciences,Completed,7
GNT_0000001015,FAC_00000291,282544,DOD,2021-12-09,2023-12-09,College of Natural Sciences,Completed,5
GNT_0000001016,FAC_00000446,205328,DOD,2022-07-14,2024-07-13,College of Natural Sciences,Completed,0
GNT_0000001017,FAC_00000608,24219,NSF,2021-08-05,2026-08-04,College of Natural Sciences,Active,2
GNT_0000001018,FAC_00000054,802320,Industrial Partner,2020-12-02,2022-12-02,College of Natural Sciences,Completed,11
GNT_0000001019,FAC_00000479,136761,NSF,2018-02-02,2021-02-01,College of Natural Sciences,Completed,4
GNT_0000001020,FAC_00000120,38680,NIH,2020-09-05,2024-09-04,College of Natural Sciences,Completed,1
GNT_0000001021,FAC_00000276,1481351,DOC,2019-05-21,2024-05-19,College of Natural Sciences,Completed,60
GNT_0000001022,FAC_00000376,346417,Private Foundation,2019-12-01,2021-11-30,College of Natural Sciences,Cancelled,9
GNT_0000001023,FAC_00000543,962579,NSF,2024-03-23,2026-03-23,College of Natural Sciences,Completed,20
GNT_0000001024,FAC_00000482,5000000,DOE,2021-09-03,2024-09-02,College of Natural Sciences,Cancelled,128
GNT_0000001025,FAC_00000426,23241,NSF,2024-12-17,2029-12-16,College of Natural Sciences,Active,2
GNT_0000001026,FAC_00000680,274056,DOC,2023-03-05,2026-03-04,College of Natural Sciences,Completed,12
GNT_0000001027,FAC_00000238,24175,Industrial Partner,2024-11-08,2025-11-08,College of Natural Sciences,Completed,1
GNT_0000001028,FAC_00000571,782552,DOE,2018-09-15,2020-09-14,College of Natural Sciences,Completed,16
GNT_0000001029,FAC_00000521,10878,DOE,2023-10-25,2025-10-24,College of Natural Sciences,Completed,0
GNT_0000001030,FAC_00000194,26117,DOD,2020-05-01,2022-05-01,College of Natural Sciences,Completed,0
GNT_0000001031,FAC_00000519,374923,Private Foundation,2022-03-13,2027-03-12,College of Natural Sciences,Active,13
GNT_0000001032,FAC_00000073,504391,Private Foundation,2021-03-02,2023-03-02,College of Natural Sciences,Completed,9
GNT_0000001033,FAC_00000055,261469,DOC,2024-09-12,2026-09-12,College of Natural Sciences,Active,5
GNT_0000001034,FAC_00000491,350895,DOC,2019-09-03,2022-09-02,College of Natural Sciences,Completed,14
GNT_0000001035,FAC_00000633,624845,DOE,2023-08-09,2026-08-08,College of Natural Sciences,Active,11
GNT_0000001036,FAC_00000698,337458,NIH,2022-12-11,2024-12-10,College of Natural Sciences,Completed,6
GNT_0000001037,FAC_00000599,137881,DOD,2018-03-15,2020-03-14,College of Natural Sciences,Completed,1
GNT_0000001038,FAC_00000592,217653,DOE,2020-04-26,2024-04-25,College of Natural Sciences,Completed,7
GNT_0000001039,FAC_00000554,44186,Private Foundation,2022-06-21,2025-06-20,College of Natural Sciences,Completed,0
GNT_0000001040,FAC_00000278,170433,DOE,2018-04-14,2021-04-13,College of Natural Sciences,Completed,5
GNT_0000001041,FAC_00000521,481133,USDA,2020-05-06,2022-05-06,College of Natural Sciences,Completed,8
GNT_0000001042,FAC_00000675,159064,NIH,2022-04-12,2023-04-12,College of Natural Sciences,Completed,0
GNT_0000001043,FAC_00000149,38587,Private Foundation,2018-08-01,2020-07-31,College of Natural Sciences,Completed,0
GNT_0000001044,FAC_00000325,106010,Private Foundation,2019-01-10,2021-01-09,College of Natural Sciences,Completed,1
GNT_0000001045,FAC_00000581,299474,EPA,2024-02-06,2027-02-05,College of Natural Sciences,Active,9
GNT_0000001046,FAC_00000179,259508,DOE,2023-10-04,2028-10-02,College of Natural Sciences,Active,17
GNT_0000001047,FAC_00000428,58377,DOD,2020-09-05,2025-09-04,College of Natural Sciences,Completed,3
GNT_0000001048,FAC_00000180,90095,NSF,2023-09-23,2025-09-22,College of Natural Sciences,Completed,5
GNT_0000001049,FAC_00000013,251780,EPA,2021-06-04,2024-06-03,College of Natural Sciences,Completed,10
GNT_0000001050,FAC_00000552,112180,USDA,2024-09-04,2026-09-04,College of Natural Sciences,Active,1
GNT_0000001051,FAC_00000035,56214,Industrial Partner,2024-11-14,2027-11-14,College of Natural Sciences,Active,4
GNT_0000001052,FAC_00000420,210344,USDA,2021-02-21,2023-02-21,College of Natural Sciences,Completed,1
GNT_0000001053,FAC_00000211,42244,NIH,2024-03-26,2028-03-25,College of Natural Sciences,Active,1
GNT_0000001054,FAC_00000388,350373,NSF,2022-11-11,2026-11-10,College of Natural Sciences,Active,8
GNT_0000001055,FAC_00000003,57842,DOD,2018-06-19,2021-06-18,College of Natural Sciences,Completed,1
GNT_0000001056,FAC_00000685,34599,NSF,2018-01-10,2020-01-10,College of Natural Sciences,Completed,0
GNT_0000001057,FAC_00000074,332717,Industrial Partner,2024-11-28,2026-11-28,College of Natural Sciences,Active,6
GNT_0000001058,FAC_00000291,20445,NIH,2022-07-04,2025-07-03,College of Natural Sciences,Completed,1
GNT_0000001059,FAC_00000100,13637,DOE,2021-01-02,2024-01-02,College of Natural Sciences,Completed,0
GNT_0000001060,FAC_00000188,21656,DOC,2018-08-20,2021-08-19,College of Natural Sciences,Completed,0
GNT_0000001061,FAC_00000399,156632,NSF,2020-03-08,2023-03-08,College of Natural Sciences,Completed,6
GNT_0000001062,FAC_00000694,86561,Industrial Partner,2021-01-09,2025-01-08,College of Natural Sciences,Completed,4
GNT_0000001063,FAC_00000515,326331,NIH,2022-07-14,2026-07-13,College of Natural Sciences,Completed,13
GNT_0000001064,FAC_00000015,177310,Private Foundation,2020-01-02,2024-01-01,College of Natural Sciences,Completed,4
GNT_0000001065,FAC_00000658,136051,DOD,2020-02-05,2021-02-04,College of Natural Sciences,Completed,1
GNT_0000001066,FAC_00000349,25296,EPA,2020-09-08,2022-09-08,College of Natural Sciences,Completed,0
GNT_0000001067,FAC_00000407,301191,DOD,2024-09-05,2027-09-05,College of Natural Sciences,Active,12
GNT_0000001068,FAC_00000655,1256674,EPA,2018-08-03,2021-08-02,College of Natural Sciences,Completed,42
GNT_0000001069,FAC_00000644,235055,DOE,2023-01-03,2028-01-02,College of Natural Sciences,Active,15
GNT_0000001070,FAC_00000268,2241772,Industrial Partner,2021-12-24,2026-12-23,College of Natural Sciences,Active,106
GNT_0000001071,FAC_00000666,1009215,DOE,2020-03-07,2022-03-07,College of Natural Sciences,Completed,26
GNT_0000001072,FAC_00000204,1483371,DOC,2019-03-19,2023-03-18,College of Natural Sciences,Completed,54
GNT_0000001073,FAC_00000152,386603,DOC,2021-12-21,2022-12-21,College of Natural Sciences,Completed,4
GNT_0000001074,FAC_00000233,36679,NSF,2023-07-03,2024-07-02,College of Natural Sciences,Completed,0
GNT_0000001075,FAC_00000507,375150,NIH,2024-06-03,2029-06-02,College of Natural Sciences,Active,14
GNT_0000001076,FAC_00000540,56593,DOD,2023-03-01,2028-02-28,College of Natural Sciences,Active,2
GNT_0000001077,FAC_00000194,33172,DOE,2018-11-09,2022-11-08,College of Natural Sciences,Completed,1
GNT_0000001078,FAC_00000149,8422,Industrial Partner,2021-09-23,2022-09-23,College of Natural Sciences,Completed,1
GNT_0000001079,FAC_00000321,40805,DOE,2018-06-01,2021-05-31,College of Natural Sciences,Completed,0
GNT_0000001080,FAC_00000356,136252,DOC,2024-08-24,2028-08-23,College of Natural Sciences,Active,11
GNT_0000001081,FAC_00000143,31481,DOE,2023-07-14,2026-07-13,College of Natural Sciences,Completed,0
GNT_0000001082,FAC_00000496,2588936,DOC,2024-06-08,2027-06-08,College of Natural Sciences,Active,79
GNT_0000001083,FAC_00000429,1241763,DOE,2024-12-25,2027-12-25,College of Natural Sciences,Active,37
GNT_0000001084,FAC_00000292,149689,DOD,2018-05-10,2021-05-09,College of Natural Sciences,Completed,2
GNT_0000001085,FAC_00000341,80100,Industrial Partner,2023-07-24,2026-07-23,College of Natural Sciences,Active,4
GNT_0000001086,FAC_00000439,291584,USDA,2022-01-10,2023-01-10,College of Natural Sciences,Completed,2
GNT_0000001087,FAC_00000065,85329,NIH,2020-11-06,2022-11-06,College of Natural Sciences,Completed,5
GNT_0000001088,FAC_00000458,56468,USDA,2020-03-15,2022-03-15,College of Natural Sciences,Completed,1
GNT_0000001089,FAC_00000048,148066,DOD,2020-07-08,2023-07-08,College of Natural Sciences,Completed,6
GNT_0000001090,FAC_00000566,440154,NIH,2018-11-10,2021-11-09,College of Natural Sciences,Completed,14
GNT_0000001091,FAC_00000323,185568,EPA,2023-07-27,2025-07-26,College of Natural Sciences,Completed,7
GNT_0000001092,FAC_00000240,7977,DOD,2022-01-04,2026-01-03,College of Natural Sciences,Completed,0
GNT_0000001093,FAC_00000566,88800,DOD,2020-10-03,2022-10-03,College of Natural Sciences,Completed,1
GNT_0000001094,FAC_00000291,47115,NIH,2024-06-08,2028-06-07,College of Natural Sciences,Active,0
GNT_0000001095,FAC_00000642,83687,DOE,2022-01-12,2024-01-12,College of Natural Sciences,Completed,0
GNT_0000001096,FAC_00000153,618299,EPA,2020-08-24,2023-08-24,College of Natural Sciences,Completed,19
GNT_0000001097,FAC_00000021,434194,DOD,2024-12-26,2025-12-26,College of Natural Sciences,Completed,5
GNT_0000001098,FAC_00000159,501957,NSF,2021-11-07,2024-11-06,College of Natural Sciences,Completed,19
GNT_0000001099,FAC_00000370,445257,Industrial Partner,2018-12-10,2020-12-09,College of Natural Sciences,Completed,7
GNT_0000001100,FAC_00000287,5000000,Industrial Partner,2021-08-28,2022-08-28,College of Natural Sciences,Completed,65
GNT_0000001101,FAC_00000608,138585,NIH,2024-03-09,2027-03-09,College of Natural Sciences,Active,6
GNT_0000001102,FAC_00000574,5000,DOC,2023-04-12,2024-04-11,College of Natural Sciences,Completed,0
GNT_0000001103,FAC_00000137,6030,DOD,2019-09-14,2023-09-13,College of Natural Sciences,Completed,0
GNT_0000001104,FAC_00000137,18254,DOD,2018-02-16,2022-02-15,College of Natural Sciences,Completed,0
GNT_0000001105,FAC_00000550,14284,Industrial Partner,2021-07-18,2025-07-17,College of Natural Sciences,Completed,0
GNT_0000001106,FAC_00000453,34450,DOD,2020-03-06,2024-03-05,College of Natural Sciences,Completed,1
GNT_0000001107,FAC_00000418,654296,EPA,2019-06-25,2021-06-24,College of Natural Sciences,Completed,12
GNT_0000001108,FAC_00000173,62380,NIH,2024-02-24,2027-02-23,College of Natural Sciences,Active,4
GNT_0000001109,FAC_00000081,179189,Industrial Partner,2019-11-05,2024-11-03,College of Natural Sciences,Cancelled,14
GNT_0000001110,FAC_00000537,5000,DOD,2018-08-22,2021-08-21,College of Natural Sciences,Completed,0
GNT_0000001111,FAC_00000623,79023,USDA,2022-03-13,2026-03-12,College of Natural Sciences,Completed,3
GNT_0000001112,FAC_00000031,88811,NSF,2024-08-01,2029-07-31,College of Natural Sciences,Active,7
GNT_0000001113,FAC_00000473,3236978,Industrial Partner,2021-09-13,2023-09-13,College of Natural Sciences,Completed,68
GNT_0000001114,FAC_00000632,317272,USDA,2022-07-23,2024-07-22,College of Natural Sciences,Completed,5
GNT_0000001115,FAC_00000157,57504,NSF,2022-07-12,2026-07-11,College of Natural Sciences,Completed,1
GNT_0000001116,FAC_00000114,15458,EPA,2018-12-26,2022-12-25,College of Natural Sciences,Completed,1
GNT_0000001117,FAC_00000552,409689,EPA,2018-07-05,2022-07-04,College of Natural Sciences,Completed,13
GNT_0000001118,FAC_00000626,74425,DOC,2018-03-09,2023-03-08,College of Natural Sciences,Completed,3
GNT_0000001119,FAC_00000497,5000000,DOC,2024-02-20,2026-02-19,College of Natural Sciences,Completed,104
GNT_0000001120,FAC_00000064,41915,USDA,2021-08-14,2023-08-14,College of Natural Sciences,Completed,0
GNT_0000001121,FAC_00000479,120635,NSF,2019-09-15,2022-09-14,College of Natural Sciences,Completed,6
GNT_0000001122,FAC_00000619,107373,NIH,2022-09-28,2027-09-27,College of Natural Sciences,Active,9
GNT_0000001123,FAC_00000190,115032,USDA,2021-05-26,2025-05-25,College of Natural Sciences,Completed,7
GNT_0000001124,FAC_00000598,50600,DOE,2020-10-10,2022-10-10,College of Natural Sciences,Completed,0
GNT_0000001125,FAC_00000176,207690,DOE,2024-08-15,2027-08-15,College of Natural Sciences,Active,5
GNT_0000001126,FAC_00000233,44757,Industrial Partner,2022-02-22,2024-02-22,College of Natural Sciences,Completed,0
GNT_0000001127,FAC_00000083,127845,DOE,2018-03-19,2021-03-18,College of Natural Sciences,Cancelled,4
GNT_0000001128,FAC_00000270,29158,USDA,2024-01-21,2028-01-20,College of Natural Sciences,Active,1
GNT_0000001129,FAC_00000329,1051466,DOD,2022-04-12,2023-04-12,College of Natural Sciences,Completed,12
GNT_0000001130,FAC_00000027,442338,DOD,2024-01-02,2027-01-01,College of Natural Sciences,Active,18
GNT_0000001131,FAC_00000511,1427725,NSF,2024-07-04,2026-07-04,College of Natural Sciences,Completed,26
GNT_0000001132,FAC_00000261,663248,EPA,2018-09-10,2023-09-09,College of Natural Sciences,Completed,22
GNT_0000001133,FAC_00000458,2506883,NIH,2020-09-19,2023-09-19,College of Natural Sciences,Completed,75
GNT_0000001134,FAC_00000441,44425,Industrial Partner,2019-08-10,2020-08-09,College of Natural Sciences,Completed,1
GNT_0000001135,FAC_00000461,1759817,DOC,2022-03-05,2025-03-04,College of Natural Sciences,Completed,53
GNT_0000001136,FAC_00000026,995141,USDA,2023-04-11,2025-04-10,College of Natural Sciences,Completed,16
GNT_0000001137,FAC_00000388,5000,NIH,2020-05-26,2025-05-25,College of Natural Sciences,Completed,0
GNT_0000001138,FAC_00000664,511747,DOD,2022-04-10,2027-04-09,College of Natural Sciences,Active,13
GNT_0000001139,FAC_00000047,71279,DOD,2023-01-10,2025-01-09,College of Natural Sciences,Completed,0
GNT_0000001140,FAC_00000568,26878,Industrial Partner,2018-12-14,2021-12-13,College of Natural Sciences,Completed,1
GNT_0000001141,FAC_00000408,268099,NSF,2021-12-25,2025-12-24,College of Natural Sciences,Completed,9
GNT_0000001142,FAC_00000367,113204,Industrial Partner,2024-07-18,2028-07-17,College of Natural Sciences,Active,4
GNT_0000001143,FAC_00000198,64744,NSF,2023-03-04,2028-03-02,College of Natural Sciences,Active,2
GNT_0000001144,FAC_00000577,43024,DOD,2023-03-03,2027-03-02,College of Natural Sciences,Active,4
GNT_0000001145,FAC_00000074,6922,Industrial Partner,2020-06-26,2024-06-25,College of Natural Sciences,Completed,1
GNT_0000001146,FAC_00000623,485538,DOC,2022-11-14,2025-11-13,College of Natural Sciences,Completed,18
GNT_0000001147,FAC_00000412,337080,Industrial Partner,2024-05-20,2026-05-20,College of Natural Sciences,Completed,9
GNT_0000001148,FAC_00000510,528293,EPA,2020-12-25,2023-12-25,College of Natural Sciences,Completed,16
GNT_0000001149,FAC_00000273,96441,DOC,2023-06-06,2026-06-05,College of Natural Sciences,Completed,5
GNT_0000001150,FAC_00000528,358548,USDA,2024-06-09,2028-06-08,College of Natural Sciences,Active,7
GNT_0000001151,FAC_00000530,403018,EPA,2019-10-26,2022-10-25,College of Natural Sciences,Completed,16
GNT_0000001152,FAC_00000240,177374,Industrial Partner,2021-03-01,2025-02-28,College of Natural Sciences,Completed,10
GNT_0000001153,FAC_00000491,574059,Industrial Partner,2020-07-22,2025-07-21,College of Natural Sciences,Completed,26
GNT_0000001154,FAC_00000591,85084,USDA,2023-12-09,2025-12-08,College of Natural Sciences,Completed,3
GNT_0000001155,FAC_00000340,183203,DOC,2019-05-21,2021-05-20,College of Natural Sciences,Completed,5
GNT_0000001156,FAC_00000465,149608,DOC,2022-02-25,2026-02-24,College of Natural Sciences,Completed,7
GNT_0000001157,FAC_00000351,33273,NSF,2018-02-04,2021-02-03,College of Natural Sciences,Completed,0
GNT_0000001158,FAC_00000296,59825,NIH,2022-11-23,2025-11-22,College of Natural Sciences,Completed,3
GNT_0000001159,FAC_00000181,667074,USDA,2022-10-16,2024-10-15,College of Natural Sciences,Cancelled,13
GNT_0000001160,FAC_00000075,16483,Industrial Partner,2021-04-18,2023-04-18,College of Natural Sciences,Completed,0
GNT_0000001161,FAC_00000539,5000,DOC,2018-09-03,2021-09-02,College of Natural Sciences,Completed,1
GNT_0000001162,FAC_00000101,196557,NIH,2018-09-05,2022-09-04,College of Natural Sciences,Completed,11
GNT_0000001163,FAC_00000192,1264054,EPA,2018-08-08,2020-08-07,College of Natural Sciences,Completed,18
GNT_0000001164,FAC_00000430,1838424,EPA,2020-01-28,2024-01-27,College of Natural Sciences,Completed,70
GNT_0000001165,FAC_00000099,169986,NSF,2023-11-14,2026-11-13,College of Natural Sciences,Active,1
GNT_0000001166,FAC_00000623,95027,DOE,2022-04-10,2025-04-09,College of Natural Sciences,Completed,2
GNT_0000001167,FAC_00000492,983740,DOC,2020-04-11,2022-04-11,College of Natural Sciences,Completed,25
GNT_0000001168,FAC_00000423,194841,EPA,2020-11-19,2024-11-18,College of Natural Sciences,Completed,8
GNT_0000001169,FAC_00000105,259465,DOD,2019-05-17,2024-05-15,College of Natural Sciences,Completed,12
GNT_0000001170,FAC_00000170,210672,NSF,2021-09-26,2022-09-26,College of Natural Sciences,Completed,3
GNT_0000001171,FAC_00000150,561678,NIH,2022-03-24,2024-03-23,College of Natural Sciences,Completed,10
GNT_0000001172,FAC_00000644,103896,USDA,2022-02-17,2023-02-17,College of Natural Sciences,Cancelled,3
GNT_0000001173,FAC_00000426,185637,NSF,2019-09-09,2021-09-08,College of Natural Sciences,Completed,3
GNT_0000001174,FAC_00000299,17475,DOE,2019-10-26,2022-10-25,College of Natural Sciences,Completed,0
GNT_0000001175,FAC_00000336,91226,EPA,2023-07-18,2024-07-17,College of Natural Sciences,Completed,0
GNT_0000001176,FAC_00000115,334197,DOC,2019-01-13,2024-01-12,College of Natural Sciences,Completed,19
GNT_0000001177,FAC_00000377,23959,NIH,2019-07-09,2022-07-08,College of Natural Sciences,Completed,0
GNT_0000001178,FAC_00000398,293501,USDA,2022-01-12,2026-01-11,College of Natural Sciences,Completed,13
GNT_0000001179,FAC_00000226,115696,USDA,2021-02-27,2024-02-27,College of Natural Sciences,Cancelled,2
GNT_0000001180,FAC_00000196,124644,DOC,2021-02-02,2023-02-02,College of Natural Sciences,Completed,5
GNT_0000001181,FAC_00000668,951782,Private Foundation,2020-03-03,2023-03-03,College of Natural Sciences,Completed,26
GNT_0000001182,FAC_00000131,85858,DOC,2023-03-27,2026-03-26,College of Natural Sciences,Cancelled,1
GNT_0000001183,FAC_00000464,1926595,USDA,2020-06-10,2021-06-10,College of Natural Sciences,Completed,17
GNT_0000001184,FAC_00000135,152859,NSF,2023-04-22,2025-04-21,College of Natural Sciences,Completed,0
GNT_0000001185,FAC_00000561,274239,DOD,2021-12-09,2025-12-08,College of Natural Sciences,Completed,14
GNT_0000001186,FAC_00000066,5000000,DOE,2021-02-26,2024-02-26,College of Natural Sciences,Completed,152
GNT_0000001187,FAC_00000208,269415,USDA,2018-12-06,2019-12-06,College of Natural Sciences,Completed,4
GNT_0000001188,FAC_00000680,146056,DOC,2020-04-28,2022-04-28,College of Natural Sciences,Completed,1
GNT_0000001189,FAC_00000286,520506,DOE,2023-01-04,2025-01-03,College of Natural Sciences,Completed,5
GNT_0000001190,FAC_00000064,148761,DOE,2024-12-13,2025-12-13,College of Natural Sciences,Completed,1
GNT_0000001191,FAC_00000413,223580,DOC,2022-01-10,2026-01-09,College of Natural Sciences,Completed,7
GNT_0000001192,FAC_00000259,251921,Industrial Partner,2020-10-24,2022-10-24,College of Natural Sciences,Completed,12
GNT_0000001193,FAC_00000611,995605,USDA,2024-09-14,2029-09-13,College of Natural Sciences,Active,49
GNT_0000001194,FAC_00000568,46575,Private Foundation,2021-01-27,2023-01-27,College of Natural Sciences,Completed,1
GNT_0000001195,FAC_00000139,1267298,EPA,2023-04-16,2025-04-15,College of Natural Sciences,Cancelled,21
GNT_0000001196,FAC_00000456,36044,Industrial Partner,2023-03-04,2028-03-02,College of Natural Sciences,Active,2
GNT_0000001197,FAC_00000105,31564,NSF,2020-12-24,2023-12-24,College of Natural Sciences,Completed,2
GNT_0000001198,FAC_00000252,393873,NSF,2022-11-28,2027-11-27,College of Natural Sciences,Active,23
GNT_0000001199,FAC_00000675,21255,Industrial Partner,2018-09-13,2021-09-12,College of Natural Sciences,Cancelled,1
GNT_0000001200,FAC_00000105,312004,DOE,2021-01-02,2023-01-02,College of Natural Sciences,Completed,7
GNT_0000001201,FAC_00000290,224928,Industrial Partner,2019-04-06,2020-04-05,College of Natural Sciences,Completed,6
GNT_0000001202,FAC_00000069,98543,DOD,2022-01-23,2024-01-23,College of Natural Sciences,Completed,0
GNT_0000001203,FAC_00000017,43080,Private Foundation,2021-04-04,2024-04-03,College of Natural Sciences,Completed,2
GNT_0000001204,FAC_00000691,232970,DOE,2024-10-15,2027-10-15,College of Natural Sciences,Active,5
GNT_0000001205,FAC_00000631,3369753,EPA,2022-09-27,2027-09-26,College of Natural Sciences,Active,168
GNT_0000001206,FAC_00000051,718688,EPA,2024-10-20,2025-10-20,College of Natural Sciences,Completed,7
GNT_0000001207,FAC_00000375,868914,USDA,2020-10-02,2022-10-02,College of Natural Sciences,Completed,25
GNT_0000001208,FAC_00000180,72885,Industrial Partner,2023-02-03,2027-02-02,College of Natural Sciences,Active,3
GNT_0000001209,FAC_00000185,345444,DOE,2022-05-02,2025-05-01,College of Natural Sciences,Completed,11
GNT_0000001210,FAC_00000381,23959,Private Foundation,2019-01-07,2021-01-06,College of Natural Sciences,Completed,0
GNT_0000001211,FAC_00000171,67148,Private Foundation,2021-05-16,2024-05-15,College of Natural Sciences,Completed,2
GNT_0000001212,FAC_00000316,130288,USDA,2020-02-08,2024-02-07,College of Natural Sciences,Completed,5
GNT_0000001213,FAC_00000125,158223,USDA,2021-02-25,2023-02-25,College of Natural Sciences,Completed,4
GNT_0000001214,FAC_00000526,32250,NIH,2024-12-16,2029-12-15,College of Natural Sciences,Active,3
GNT_0000001215,FAC_00000400,33175,Industrial Partner,2022-12-04,2025-12-03,College of Natural Sciences,Completed,1
GNT_0000001216,FAC_00000547,23493,NIH,2018-10-27,2021-10-26,College of Natural Sciences,Completed,0
GNT_0000001217,FAC_00000599,383463,DOD,2020-08-25,2024-08-24,College of Natural Sciences,Completed,10
GNT_0000001218,FAC_00000573,552390,Industrial Partner,2022-11-18,2025-11-17,College of Natural Sciences,Completed,18
GNT_0000001219,FAC_00000544,212061,EPA,2022-07-02,2027-07-01,College of Natural Sciences,Active,8
GNT_0000001220,FAC_00000429,3569250,Industrial Partner,2023-12-04,2026-12-03,College of Natural Sciences,Active,109
GNT_0000001221,FAC_00000189,276873,USDA,2021-11-25,2024-11-24,College of Natural Sciences,Completed,7
GNT_0000001222,FAC_00000252,675938,NIH,2023-07-05,2026-07-04,College of Natural Sciences,Completed,28
GNT_0000001223,FAC_00000470,111358,Private Foundation,2020-06-22,2023-06-22,College of Natural Sciences,Completed,3
GNT_0000001224,FAC_00000276,498447,DOC,2022-12-20,2025-12-19,College of Natural Sciences,Completed,12
GNT_0000001225,FAC_00000107,74639,Private Foundation,2018-01-24,2023-01-23,College of Natural Sciences,Completed,3
GNT_0000001226,FAC_00000523,100426,DOD,2022-09-09,2024-09-08,College of Natural Sciences,Completed,3
GNT_0000001227,FAC_00000380,5000,NIH,2023-02-19,2025-02-18,College of Natural Sciences,Completed,0
GNT_0000001228,FAC_00000305,226805,DOC,2019-11-10,2022-11-09,College of Natural Sciences,Completed,3
GNT_0000001229,FAC_00000003,56889,EPA,2024-11-15,2026-11-15,College of Natural Sciences,Active,1
GNT_0000001230,FAC_00000110,468425,DOE,2019-09-11,2021-09-10,College of Natural Sciences,Completed,6
GNT_0000001231,FAC_00000695,128704,NSF,2023-06-01,2026-05-31,College of Natural Sciences,Completed,2
GNT_0000001232,FAC_00000617,5000,DOD,2022-11-04,2025-11-03,College of Natural Sciences,Completed,0
GNT_0000001233,FAC_00000612,1419699,Private Foundation,2023-02-07,2026-02-06,College of Natural Sciences,Cancelled,46
GNT_0000001234,FAC_00000125,50555,NIH,2019-08-11,2022-08-10,College of Natural Sciences,Completed,0
GNT_0000001235,FAC_00000295,602196,Private Foundation,2020-04-11,2023-04-11,College of Natural Sciences,Completed,19
GNT_0000001236,FAC_00000592,146489,Private Foundation,2020-09-06,2023-09-06,College of Natural Sciences,Completed,1
GNT_0000001237,FAC_00000297,37760,Private Foundation,2020-12-04,2025-12-03,College of Natural Sciences,Completed,2
GNT_0000001238,FAC_00000346,378463,Private Foundation,2021-01-16,2024-01-16,College of Natural Sciences,Completed,9
GNT_0000001239,FAC_00000277,74524,USDA,2018-03-18,2023-03-17,College of Natural Sciences,Completed,3
GNT_0000001240,FAC_00000112,933346,NSF,2023-09-22,2026-09-21,College of Natural Sciences,Active,27
GNT_0000001241,FAC_00000481,11905,USDA,2023-08-17,2028-08-15,College of Natural Sciences,Active,0
GNT_0000001242,FAC_00000086,103935,EPA,2024-12-01,2027-12-01,College of Natural Sciences,Active,4
GNT_0000001243,FAC_00000303,332863,DOC,2020-08-05,2022-08-05,College of Natural Sciences,Completed,5
GNT_0000001244,FAC_00000652,8607,NIH,2024-08-20,2025-08-20,College of Natural Sciences,Completed,0
GNT_0000001245,FAC_00000052,162030,EPA,2020-01-23,2021-01-22,College of Natural Sciences,Completed,1
GNT_0000001246,FAC_00000404,266110,USDA,2019-04-15,2021-04-14,College of Natural Sciences,Completed,6
GNT_0000001247,FAC_00000205,39103,USDA,2021-02-14,2023-02-14,College of Natural Sciences,Completed,0
GNT_0000001248,FAC_00000068,468976,DOD,2019-02-14,2020-02-14,College of Natural Sciences,Completed,6
GNT_0000001249,FAC_00000350,103528,DOC,2020-01-18,2024-01-17,College of Natural Sciences,Completed,5
GNT_0000001250,FAC_00000526,60722,EPA,2019-12-17,2021-12-16,College of Natural Sciences,Completed,1
GNT_0000001251,FAC_00000686,258044,USDA,2023-02-25,2025-02-24,College of Natural Sciences,Completed,5
GNT_0000001252,FAC_00000379,335945,DOC,2024-10-16,2029-10-15,College of Natural Sciences,Active,17
GNT_0000001253,FAC_00000212,351860,DOD,2024-03-05,2025-03-05,College of Natural Sciences,Completed,2
GNT_0000001254,FAC_00000578,3184127,DOE,2021-04-22,2022-04-22,College of Natural Sciences,Completed,40
GNT_0000001255,FAC_00000424,231483,DOE,2019-10-25,2022-10-24,College of Natural Sciences,Completed,9
GNT_0000001256,FAC_00000467,132299,NIH,2021-10-21,2023-10-21,College of Natural Sciences,Completed,2
GNT_0000001257,FAC_00000292,2376851,USDA,2018-07-09,2020-07-08,College of Natural Sciences,Completed,48
GNT_0000001258,FAC_00000113,34544,EPA,2020-08-16,2023-08-16,College of Natural Sciences,Completed,0
GNT_0000001259,FAC_00000155,104118,NSF,2020-02-18,2022-02-17,College of Natural Sciences,Completed,3
GNT_0000001260,FAC_00000432,250325,Private Foundation,2018-04-16,2021-04-15,College of Natural Sciences,Completed,8
GNT_0000001261,FAC_00000283,689262,NIH,2023-06-27,2027-06-26,College of Natural Sciences,Active,29
GNT_0000001262,FAC_00000666,77461,USDA,2021-04-02,2023-04-02,College of Natural Sciences,Completed,0
GNT_0000001263,FAC_00000014,122471,Private Foundation,2018-08-14,2021-08-13,College of Natural Sciences,Completed,1
GNT_0000001264,FAC_00000285,948984,USDA,2022-09-28,2024-09-27,College of Natural Sciences,Completed,23
GNT_0000001265,FAC_00000552,885490,DOE,2022-02-01,2025-01-31,College of Natural Sciences,Completed,26
GNT_0000001266,FAC_00000035,768842,Industrial Partner,2024-03-26,2027-03-26,College of Natural Sciences,Active,15
GNT_0000001267,FAC_00000275,146149,Industrial Partner,2021-05-18,2024-05-17,College of Natural Sciences,Completed,7
GNT_0000001268,FAC_00000202,236395,Private Foundation,2018-01-22,2023-01-21,College of Natural Sciences,Completed,17
GNT_0000001269,FAC_00000115,472447,USDA,2023-12-23,2025-12-22,College of Natural Sciences,Completed,13
GNT_0000001270,FAC_00000122,252429,NSF,2019-09-12,2021-09-11,College of Natural Sciences,Completed,5
GNT_0000001271,FAC_00000531,582460,EPA,2019-06-15,2022-06-14,College of Natural Sciences,Completed,20
GNT_0000001272,FAC_00000666,9740,EPA,2020-09-02,2022-09-02,College of Natural Sciences,Completed,0
GNT_0000001273,FAC_00000432,5000,Industrial Partner,2024-01-06,2027-01-05,College of Natural Sciences,Active,0
GNT_0000001274,FAC_00000433,529443,EPA,2023-11-09,2026-11-08,College of Natural Sciences,Active,20
GNT_0000001275,FAC_00000625,386109,USDA,2023-11-28,2028-11-26,College of Natural Sciences,Active,15
GNT_0000001276,FAC_00000458,257856,Private Foundation,2018-05-07,2023-05-06,College of Natural Sciences,Completed,12
GNT_0000001277,FAC_00000051,614861,NIH,2020-03-07,2022-03-07,College of Natural Sciences,Completed,12
GNT_0000001278,FAC_00000262,57211,DOE,2020-07-06,2025-07-05,College of Natural Sciences,Completed,3
GNT_0000001279,FAC_00000059,34762,Private Foundation,2024-03-27,2028-03-26,College of Natural Sciences,Active,2
GNT_0000001280,FAC_00000263,3706072,DOD,2020-02-13,2022-02-12,College of Natural Sciences,Completed,71
GNT_0000001281,FAC_00000300,159458,DOC,2020-10-02,2021-10-02,College of Natural Sciences,Completed,2
GNT_0000001282,FAC_00000687,231003,Industrial Partner,2024-07-20,2027-07-20,College of Natural Sciences,Active,5
GNT_0000001283,FAC_00000330,62988,DOD,2019-11-25,2020-11-24,College of Natural Sciences,Completed,1
GNT_0000001284,FAC_00000686,1159330,DOC,2023-07-18,2024-07-17,College of Natural Sciences,Completed,7
GNT_0000001285,FAC_00000138,363806,DOE,2020-06-28,2024-06-27,College of Natural Sciences,Completed,13
GNT_0000001286,FAC_00000563,217614,DOE,2019-08-09,2021-08-08,College of Natural Sciences,Completed,7
GNT_0000001287,FAC_00000096,174778,DOC,2018-07-22,2023-07-21,College of Natural Sciences,Cancelled,4
GNT_0000001288,FAC_00000381,607511,NSF,2020-08-01,2024-07-31,College of Natural Sciences,Completed,35
GNT_0000001289,FAC_00000642,552806,NIH,2021-07-26,2024-07-25,College of Natural Sciences,Completed,22
GNT_0000001290,FAC_00000635,267267,NIH,2023-08-22,2027-08-21,College of Natural Sciences,Active,10
GNT_0000001291,FAC_00000579,1170373,Industrial Partner,2019-11-12,2021-11-11,College of Natural Sciences,Completed,20
GNT_0000001292,FAC_00000102,59135,EPA,2019-02-14,2024-02-13,College of Natural Sciences,Completed,2
GNT_0000001293,FAC_00000244,230510,Private Foundation,2021-10-23,2026-10-22,College of Natural Sciences,Active,12
GNT_0000001294,FAC_00000442,169792,EPA,2020-02-08,2025-02-06,College of Natural Sciences,Completed,10
GNT_0000001295,FAC_00000500,637116,NIH,2020-10-28,2025-10-27,College of Natural Sciences,Completed,35
GNT_0000001296,FAC_00000327,173598,Industrial Partner,2021-06-23,2024-06-22,College of Natural Sciences,Completed,6
GNT_0000001297,FAC_00000043,96947,Industrial Partner,2024-12-05,2026-12-05,College of Natural Sciences,Active,1
GNT_0000001298,FAC_00000448,24838,NIH,2019-02-11,2021-02-10,College of Natural Sciences,Completed,0
GNT_0000001299,FAC_00000192,246822,NSF,2020-01-24,2023-01-23,College of Natural Sciences,Completed,4
GNT_0000001300,FAC_00000022,629322,EPA,2023-02-27,2025-02-26,College of Natural Sciences,Completed,13
GNT_0000001301,FAC_00000651,1184058,DOD,2018-07-10,2023-07-09,College of Natural Sciences,Completed,54
GNT_0000001302,FAC_00000180,149577,DOE,2020-03-13,2022-03-13,College of Natural Sciences,Completed,3
GNT_0000001303,FAC_00000260,1047110,EPA,2022-02-01,2025-01-31,College of Natural Sciences,Completed,33
GNT_0000001304,FAC_00000506,111302,USDA,2022-08-01,2026-07-31,College of Natural Sciences,Active,1
GNT_0000001305,FAC_00000635,128619,DOD,2019-04-07,2021-04-06,College of Natural Sciences,Completed,2
GNT_0000001306,FAC_00000186,86165,USDA,2018-06-02,2021-06-01,College of Natural Sciences,Completed,3
GNT_0000001307,FAC_00000661,21087,NSF,2022-11-17,2025-11-16,College of Natural Sciences,Completed,1
GNT_0000001308,FAC_00000065,25868,DOD,2024-05-26,2026-05-26,College of Natural Sciences,Cancelled,1
GNT_0000001309,FAC_00000686,7426,Industrial Partner,2019-03-10,2022-03-09,College of Natural Sciences,Completed,0
GNT_0000001310,FAC_00000257,78579,DOC,2021-04-23,2022-04-23,College of Natural Sciences,Completed,1
GNT_0000001311,FAC_00000210,5331,DOC,2024-12-23,2027-12-23,College of Natural Sciences,Active,0
GNT_0000001312,FAC_00000288,76507,EPA,2021-02-20,2023-02-20,College of Natural Sciences,Completed,0
GNT_0000001313,FAC_00000067,5000000,DOD,2022-09-28,2024-09-27,College of Natural Sciences,Completed,96
GNT_0000001314,FAC_00000406,135364,EPA,2018-04-19,2021-04-18,College of Natural Sciences,Completed,4
GNT_0000001315,FAC_00000362,301003,Industrial Partner,2023-03-10,2026-03-09,College of Natural Sciences,Completed,13
GNT_0000001316,FAC_00000326,24073,USDA,2019-09-28,2024-09-26,College of Natural Sciences,Completed,1
GNT_0000001317,FAC_00000141,10187,DOD,2021-05-17,2023-05-17,College of Natural Sciences,Cancelled,0
GNT_0000001318,FAC_00000508,881374,EPA,2022-02-08,2025-02-07,College of Natural Sciences,Completed,26
GNT_0000001319,FAC_00000432,377871,Private Foundation,2024-01-01,2028-12-30,College of Natural Sciences,Active,24
GNT_0000001320,FAC_00000077,215677,Industrial Partner,2019-05-04,2024-05-02,College of Natural Sciences,Completed,20
GNT_0000001321,FAC_00000092,5000000,Industrial Partner,2020-12-14,2022-12-14,College of Natural Sciences,Completed,98
GNT_0000001322,FAC_00000270,1597499,EPA,2021-10-26,2024-10-25,College of Natural Sciences,Completed,51
GNT_0000001323,FAC_00000117,78187,DOE,2024-02-27,2026-02-26,College of Natural Sciences,Completed,3
GNT_0000001324,FAC_00000393,62795,Private Foundation,2018-01-11,2020-01-11,College of Natural Sciences,Completed,4
GNT_0000001325,FAC_00000138,34179,DOC,2022-04-02,2025-04-01,College of Natural Sciences,Completed,0
GNT_0000001326,FAC_00000260,37758,Industrial Partner,2021-03-04,2023-03-04,College of Natural Sciences,Completed,0
GNT_0000001327,FAC_00000431,86497,NIH,2020-06-03,2023-06-03,College of Natural Sciences,Cancelled,3
GNT_0000001328,FAC_00000681,174981,NSF,2020-07-16,2023-07-16,College of Natural Sciences,Completed,9
GNT_0000001329,FAC_00000386,1016985,EPA,2023-12-12,2026-12-11,College of Natural Sciences,Active,23
GNT_0000001330,FAC_00000151,1092977,DOE,2024-12-18,2026-12-18,College of Natural Sciences,Active,28
GNT_0000001331,FAC_00000335,103238,NSF,2024-07-23,2027-07-23,College of Natural Sciences,Active,3
GNT_0000001332,FAC_00000588,304151,DOC,2022-05-13,2024-05-12,College of Natural Sciences,Cancelled,3
GNT_0000001333,FAC_00000176,799150,NIH,2022-12-26,2024-12-25,College of Natural Sciences,Completed,15
GNT_0000001334,FAC_00000513,104822,Industrial Partner,2022-04-08,2025-04-07,College of Natural Sciences,Completed,7
GNT_0000001335,FAC_00000148,146902,Private Foundation,2021-11-28,2023-11-28,College of Natural Sciences,Completed,2
GNT_0000001336,FAC_00000195,5000000,USDA,2020-10-28,2023-10-28,College of Natural Sciences,Completed,151
GNT_0000001337,FAC_00000319,154692,EPA,2018-06-08,2023-06-07,College of Natural Sciences,Completed,4
GNT_0000001338,FAC_00000023,3040271,NSF,2022-05-18,2026-05-17,College of Natural Sciences,Completed,133
GNT_0000001339,FAC_00000270,3258653,EPA,2019-02-03,2022-02-02,College of Natural Sciences,Completed,91
GNT_0000001340,FAC_00000234,105224,DOC,2023-01-11,2028-01-10,College of Natural Sciences,Active,9
GNT_0000001341,FAC_00000601,40372,DOC,2019-01-27,2021-01-26,College of Natural Sciences,Completed,1
GNT_0000001342,FAC_00000422,633032,Industrial Partner,2024-02-25,2026-02-24,College of Natural Sciences,Completed,8
GNT_0000001343,FAC_00000400,465055,NSF,2019-05-16,2023-05-15,College of Natural Sciences,Completed,16
GNT_0000001344,FAC_00000390,220590,DOD,2023-07-09,2026-07-08,College of Natural Sciences,Completed,3
GNT_0000001345,FAC_00000053,476192,USDA,2019-03-16,2021-03-15,College of Natural Sciences,Completed,14
GNT_0000001346,FAC_00000255,244989,DOE,2021-09-27,2023-09-27,College of Natural Sciences,Completed,6
GNT_0000001347,FAC_00000019,173423,Industrial Partner,2020-10-26,2021-10-26,College of Natural Sciences,Completed,2
GNT_0000001348,FAC_00000645,23633,EPA,2022-07-28,2025-07-27,College of Natural Sciences,Completed,1
GNT_0000001349,FAC_00000562,479448,USDA,2024-02-11,2027-02-10,College of Natural Sciences,Active,19
GNT_0000001350,FAC_00000503,173866,DOE,2018-08-08,2021-08-07,College of Natural Sciences,Completed,3
GNT_0000001351,FAC_00000688,39000,DOC,2019-09-11,2021-09-10,College of Natural Sciences,Completed,1
GNT_0000001352,FAC_00000540,288135,DOE,2020-06-24,2024-06-23,College of Natural Sciences,Completed,14
GNT_0000001353,FAC_00000468,40489,Private Foundation,2020-02-05,2021-02-04,College of Natural Sciences,Completed,1
GNT_0000001354,FAC_00000288,1728900,DOC,2018-09-25,2022-09-24,College of Natural Sciences,Completed,56
GNT_0000001355,FAC_00000559,670772,USDA,2023-02-15,2028-02-14,College of Natural Sciences,Active,41
GNT_0000001356,FAC_00000114,25855,DOD,2018-08-11,2020-08-10,College of Natural Sciences,Completed,0
GNT_0000001357,FAC_00000077,2577888,Industrial Partner,2023-02-05,2025-02-04,College of Natural Sciences,Completed,51
GNT_0000001358,FAC_00000581,11230,DOE,2020-04-19,2024-04-18,College of Natural Sciences,Completed,0
GNT_0000001359,FAC_00000095,166646,DOC,2023-06-25,2025-06-24,College of Natural Sciences,Completed,2
GNT_0000001360,FAC_00000298,248139,DOE,2021-10-16,2023-10-16,College of Natural Sciences,Completed,8
GNT_0000001361,FAC_00000370,363450,DOD,2019-09-04,2022-09-03,College of Natural Sciences,Completed,12
GNT_0000001362,FAC_00000363,283710,Industrial Partner,2021-06-12,2023-06-12,College of Natural Sciences,Cancelled,9
GNT_0000001363,FAC_00000114,231731,Private Foundation,2023-05-05,2024-05-04,College of Natural Sciences,Completed,2
GNT_0000001364,FAC_00000287,12374,Industrial Partner,2021-07-28,2023-07-28,College of Natural Sciences,Completed,0
GNT_0000001365,FAC_00000391,57699,NSF,2019-11-02,2024-10-31,College of Natural Sciences,Completed,3
GNT_0000001366,FAC_00000610,117198,Private Foundation,2019-11-26,2023-11-25,College of Natural Sciences,Completed,3
GNT_0000001367,FAC_00000125,89949,DOD,2021-10-15,2025-10-14,College of Natural Sciences,Completed,6
GNT_0000001368,FAC_00000542,124133,DOE,2023-03-08,2026-03-07,College of Natural Sciences,Completed,3
GNT_0000001369,FAC_00000104,762440,Private Foundation,2021-12-13,2022-12-13,College of Natural Sciences,Completed,7
GNT_0000001370,FAC_00000651,29951,DOD,2021-01-05,2024-01-05,College of Natural Sciences,Completed,1
GNT_0000001371,FAC_00000341,64910,USDA,2021-05-26,2025-05-25,College of Natural Sciences,Completed,0
GNT_0000001372,FAC_00000508,25910,DOE,2019-05-14,2021-05-13,College of Natural Sciences,Completed,0
GNT_0000001373,FAC_00000367,24602,Industrial Partner,2019-12-27,2022-12-26,College of Natural Sciences,Completed,0
GNT_0000001374,FAC_00000073,824529,DOE,2024-06-25,2027-06-25,College of Natural Sciences,Active,23
GNT_0000001375,FAC_00000689,833996,DOC,2020-05-14,2022-05-14,College of Natural Sciences,Completed,18
GNT_0000001376,FAC_00000097,400201,NIH,2022-08-15,2025-08-14,College of Natural Sciences,Completed,12
GNT_0000001377,FAC_00000642,561430,Private Foundation,2021-03-02,2023-03-02,College of Natural Sciences,Completed,14
GNT_0000001378,FAC_00000441,1218926,DOD,2022-06-03,2023-06-03,College of Natural Sciences,Completed,19
GNT_0000001379,FAC_00000413,352689,DOC,2023-08-04,2025-08-03,College of Natural Sciences,Completed,3
GNT_0000001380,FAC_00000582,388875,NSF,2020-01-15,2025-01-13,College of Natural Sciences,Completed,21
GNT_0000001381,FAC_00000020,218256,NSF,2018-04-02,2021-04-01,College of Natural Sciences,Completed,7
GNT_0000001382,FAC_00000468,290064,USDA,2024-09-15,2028-09-14,College of Natural Sciences,Active,12
GNT_0000001383,FAC_00000182,1288372,USDA,2019-02-12,2022-02-11,College of Natural Sciences,Completed,43
GNT_0000001384,FAC_00000363,103153,Private Foundation,2023-07-26,2024-07-25,College of Natural Sciences,Completed,1
GNT_0000001385,FAC_00000526,35533,DOC,2024-05-25,2027-05-25,College of Natural Sciences,Active,1
GNT_0000001386,FAC_00000179,71609,Industrial Partner,2024-11-16,2028-11-15,College of Natural Sciences,Active,1
GNT_0000001387,FAC_00000308,146593,NSF,2018-09-21,2022-09-20,College of Natural Sciences,Completed,5
GNT_0000001388,FAC_00000503,1016087,DOC,2021-04-16,2026-04-15,College of Natural Sciences,Completed,43
GNT_0000001389,FAC_00000233,1561583,DOC,2022-11-24,2023-11-24,College of Natural Sciences,Completed,13
GNT_0000001390,FAC_00000635,15379,DOD,2020-01-07,2024-01-06,College of Natural Sciences,Completed,0
GNT_0000001391,FAC_00000550,286349,Industrial Partner,2022-02-16,2026-02-15,College of Natural Sciences,Completed,11
GNT_0000001392,FAC_00000031,267900,NSF,2020-06-10,2021-06-10,College of Natural Sciences,Completed,4
GNT_0000001393,FAC_00000070,220081,DOE,2019-04-17,2020-04-16,College of Natural Sciences,Completed,6
GNT_0000001394,FAC_00000170,790632,Industrial Partner,2020-01-25,2023-01-24,College of Natural Sciences,Completed,27
GNT_0000001395,FAC_00000620,5000,USDA,2020-03-15,2021-03-15,College of Natural Sciences,Completed,0
GNT_0000001396,FAC_00000697,43013,DOD,2018-05-27,2020-05-26,College of Natural Sciences,Completed,0
GNT_0000001397,FAC_00000392,1360618,DOE,2022-02-27,2024-02-27,College of Natural Sciences,Completed,29
GNT_0000001398,FAC_00000331,269777,DOC,2018-05-17,2020-05-16,College of Natural Sciences,Completed,6
GNT_0000001399,FAC_00000033,48839,EPA,2019-06-23,2022-06-22,College of Natural Sciences,Completed,4
GNT_0000001400,FAC_00000078,94534,NSF,2019-08-22,2024-08-20,College of Natural Sciences,Completed,8
GNT_0000001401,FAC_00000296,218355,DOD,2018-03-13,2020-03-12,College of Natural Sciences,Completed,7
GNT_0000001402,FAC_00000332,204957,EPA,2022-01-06,2025-01-05,College of Natural Sciences,Completed,7
GNT_0000001403,FAC_00000522,50392,NSF,2023-10-06,2026-10-05,College of Natural Sciences,Active,2
GNT_0000001404,FAC_00000043,343781,DOD,2019-06-09,2022-06-08,College of Natural Sciences,Completed,11
GNT_0000001405,FAC_00000629,112092,DOC,2019-07-22,2020-07-21,College of Natural Sciences,Completed,2
GNT_0000001406,FAC_00000560,1320206,Industrial Partner,2021-09-13,2023-09-13,College of Natural Sciences,Completed,22
GNT_0000001407,FAC_00000522,286563,DOE,2018-03-15,2021-03-14,College of Natural Sciences,Completed,12
GNT_0000001408,FAC_00000287,4844549,DOC,2020-03-18,2023-03-18,College of Natural Sciences,Completed,129
GNT_0000001409,FAC_00000551,83493,Industrial Partner,2018-09-27,2021-09-26,College of Natural Sciences,Completed,0
GNT_0000001410,FAC_00000513,4776018,EPA,2019-05-02,2023-05-01,College of Natural Sciences,Completed,200
GNT_0000001411,FAC_00000446,93907,DOC,2022-08-14,2026-08-13,College of Natural Sciences,Active,6
GNT_0000001412,FAC_00000115,108527,NSF,2023-07-09,2024-07-08,College of Natural Sciences,Completed,2
GNT_0000001413,FAC_00000103,267558,Industrial Partner,2021-03-01,2024-02-29,College of Natural Sciences,Completed,10
GNT_0000001414,FAC_00000284,5000000,EPA,2023-08-21,2028-08-19,College of Natural Sciences,Active,271
GNT_0000001415,FAC_00000050,540010,NIH,2019-07-22,2021-07-21,College of Natural Sciences,Completed,11
GNT_0000001416,FAC_00000343,28479,Private Foundation,2021-04-05,2024-04-04,College of Natural Sciences,Cancelled,1
GNT_0000001417,FAC_00000039,77339,Private Foundation,2019-08-03,2021-08-02,College of Natural Sciences,Completed,0
GNT_0000001418,FAC_00000195,2547099,Industrial Partner,2020-12-07,2024-12-06,College of Natural Sciences,Completed,98
GNT_0000001419,FAC_00000204,47232,DOD,2022-06-07,2023-06-07,College of Natural Sciences,Completed,0
GNT_0000001420,FAC_00000430,135628,Industrial Partner,2020-12-18,2025-12-17,College of Natural Sciences,Completed,5
GNT_0000001421,FAC_00000177,143519,NIH,2018-07-16,2022-07-15,College of Natural Sciences,Completed,3
GNT_0000001422,FAC_00000440,2296663,DOC,2023-07-23,2026-07-22,College of Natural Sciences,Active,77
GNT_0000001423,FAC_00000018,221083,DOE,2022-03-12,2026-03-11,College of Natural Sciences,Completed,10
GNT_0000001424,FAC_00000468,1644079,USDA,2020-10-05,2023-10-05,College of Natural Sciences,Completed,43
GNT_0000001425,FAC_00000662,2159487,EPA,2024-04-17,2028-04-16,College of Natural Sciences,Active,76
GNT_0000001426,FAC_00000370,625811,USDA,2020-07-24,2022-07-24,College of Natural Sciences,Completed,15
GNT_0000001427,FAC_00000358,238409,DOC,2018-09-27,2022-09-26,College of Natural Sciences,Completed,6
GNT_0000001428,FAC_00000437,370839,Private Foundation,2024-08-20,2027-08-20,College of Natural Sciences,Active,17
GNT_0000001429,FAC_00000542,1049320,NIH,2021-01-14,2024-01-14,College of Natural Sciences,Completed,25
GNT_0000001430,FAC_00000522,319492,USDA,2019-11-23,2020-11-22,College of Natural Sciences,Completed,0
GNT_0000001431,FAC_00000127,281653,NIH,2024-01-26,2026-01-25,College of Natural Sciences,Completed,10
GNT_0000001432,FAC_00000409,908787,DOE,2021-05-17,2023-05-17,College of Natural Sciences,Completed,18
GNT_0000001433,FAC_00000648,305659,Industrial Partner,2019-09-13,2022-09-12,College of Natural Sciences,Completed,8
GNT_0000001434,FAC_00000528,39556,DOC,2019-10-22,2021-10-21,College of Natural Sciences,Completed,0
GNT_0000001435,FAC_00000591,691417,DOE,2018-04-06,2021-04-05,College of Natural Sciences,Completed,22
GNT_0000001436,FAC_00000349,195769,DOC,2024-01-23,2029-01-21,College of Natural Sciences,Active,8
GNT_0000001437,FAC_00000658,162982,NSF,2021-06-25,2026-06-24,College of Natural Sciences,Completed,12
GNT_0000001438,FAC_00000043,213530,DOD,2021-06-25,2025-06-24,College of Natural Sciences,Completed,7
GNT_0000001439,FAC_00000461,23943,USDA,2023-04-09,2026-04-08,College of Natural Sciences,Completed,1
GNT_0000001440,FAC_00000504,83177,USDA,2024-01-12,2026-01-11,College of Natural Sciences,Completed,1
GNT_0000001441,FAC_00000520,5000000,Industrial Partner,2020-01-22,2025-01-20,College of Natural Sciences,Completed,254
GNT_0000001442,FAC_00000284,100911,DOD,2018-09-27,2021-09-26,College of Natural Sciences,Completed,4
GNT_0000001443,FAC_00000023,25832,EPA,2020-10-25,2022-10-25,College of Natural Sciences,Completed,1
GNT_0000001444,FAC_00000582,220397,NIH,2024-03-16,2027-03-16,College of Natural Sciences,Active,10
GNT_0000001445,FAC_00000072,39125,NIH,2022-04-19,2025-04-18,College of Natural Sciences,Completed,2
GNT_0000001446,FAC_00000398,168622,DOC,2024-07-24,2027-07-24,College of Natural Sciences,Active,6
GNT_0000001447,FAC_00000412,595770,DOE,2018-02-11,2023-02-10,College of Natural Sciences,Completed,30
GNT_0000001448,FAC_00000377,1039852,NIH,2019-10-28,2021-10-27,College of Natural Sciences,Completed,24
GNT_0000001449,FAC_00000320,62922,DOC,2019-08-14,2021-08-13,College of Natural Sciences,Completed,2
GNT_0000001450,FAC_00000190,2355080,USDA,2018-05-25,2019-05-25,College of Natural Sciences,Completed,28
GNT_0000001451,FAC_00000587,2362615,DOD,2019-01-11,2023-01-10,College of Natural Sciences,Completed,109
GNT_0000001452,FAC_00000512,54004,USDA,2019-04-22,2020-04-21,College of Natural Sciences,Completed,0
GNT_0000001453,FAC_00000645,16992,NSF,2024-11-24,2027-11-24,College of Natural Sciences,Active,0
GNT_0000001454,FAC_00000110,555941,NIH,2018-06-14,2020-06-13,College of Natural Sciences,Cancelled,12
GNT_0000001455,FAC_00000374,345512,DOE,2018-08-02,2022-08-01,College of Natural Sciences,Completed,20
GNT_0000001456,FAC_00000222,60727,DOD,2024-12-16,2026-12-16,College of Natural Sciences,Active,1
GNT_0000001457,FAC_00000317,487716,DOE,2022-09-20,2024-09-19,College of Natural Sciences,Completed,7
GNT_0000001458,FAC_00000555,19594,EPA,2018-08-16,2020-08-15,College of Natural Sciences,Completed,0
GNT_0000001459,FAC_00000360,34799,USDA,2024-12-11,2027-12-11,College of Natural Sciences,Active,2
GNT_0000001460,FAC_00000293,520419,EPA,2019-06-09,2022-06-08,College of Natural Sciences,Completed,12
GNT_0000001461,FAC_00000631,63149,EPA,2023-03-14,2024-03-13,College of Natural Sciences,Completed,0
GNT_0000001462,FAC_00000297,198492,USDA,2020-02-19,2023-02-18,College of Natural Sciences,Completed,5
GNT_0000001463,FAC_00000667,745294,EPA,2019-12-28,2020-12-27,College of Natural Sciences,Completed,4
GNT_0000001464,FAC_00000493,934819,NIH,2021-01-08,2024-01-08,College of Natural Sciences,Completed,25
GNT_0000001465,FAC_00000576,17541,EPA,2019-09-09,2022-09-08,College of Natural Sciences,Cancelled,0
GNT_0000001466,FAC_00000601,64876,NSF,2021-03-28,2022-03-28,College of Natural Sciences,Completed,1
GNT_0000001467,FAC_00000007,76914,DOC,2023-03-16,2026-03-15,College of Natural Sciences,Completed,1
GNT_0000001468,FAC_00000217,29371,DOD,2022-04-28,2026-04-27,College of Natural Sciences,Completed,2
GNT_0000001469,FAC_00000609,147463,DOC,2024-07-24,2026-07-24,College of Natural Sciences,Active,6
GNT_0000001470,FAC_00000444,51608,USDA,2018-03-15,2019-03-15,College of Natural Sciences,Completed,1
GNT_0000001471,FAC_00000652,1065796,DOC,2019-12-07,2020-12-06,College of Natural Sciences,Cancelled,8
GNT_0000001472,FAC_00000201,113576,NIH,2021-03-02,2024-03-01,College of Natural Sciences,Completed,5
GNT_0000001473,FAC_00000463,596487,Industrial Partner,2022-12-06,2027-12-05,College of Natural Sciences,Active,25
GNT_0000001474,FAC_00000446,1184977,DOD,2018-03-21,2021-03-20,College of Natural Sciences,Completed,45
GNT_0000001475,FAC_00000181,80989,Private Foundation,2020-03-16,2022-03-16,College of Natural Sciences,Completed,0
GNT_0000001476,FAC_00000454,53949,Industrial Partner,2022-02-04,2025-02-03,College of Natural Sciences,Completed,4
GNT_0000001477,FAC_00000375,84907,NSF,2020-02-27,2023-02-26,College of Natural Sciences,Cancelled,3
GNT_0000001478,FAC_00000617,1474694,NSF,2018-08-27,2020-08-26,College of Natural Sciences,Completed,37
GNT_0000001479,FAC_00000634,59729,NSF,2019-06-21,2022-06-20,College of Natural Sciences,Completed,2
GNT_0000001480,FAC_00000133,42110,EPA,2022-08-14,2025-08-13,College of Natural Sciences,Cancelled,1
GNT_0000001481,FAC_00000608,386984,NSF,2022-10-04,2024-10-03,College of Natural Sciences,Completed,6
GNT_0000001482,FAC_00000369,116777,NIH,2018-08-04,2020-08-03,College of Natural Sciences,Completed,1
GNT_0000001483,FAC_00000691,29001,EPA,2021-07-06,2023-07-06,College of Natural Sciences,Completed,0
GNT_0000001484,FAC_00000166,616603,Industrial Partner,2021-01-25,2023-01-25,College of Natural Sciences,Completed,8
GNT_0000001485,FAC_00000020,3755889,DOD,2020-05-06,2022-05-06,College of Natural Sciences,Cancelled,66
GNT_0000001486,FAC_00000234,79956,NIH,2020-10-18,2024-10-17,College of Natural Sciences,Completed,3
GNT_0000001487,FAC_00000096,50711,DOC,2020-06-04,2023-06-04,College of Natural Sciences,Completed,2
GNT_0000001488,FAC_00000397,94999,USDA,2019-05-09,2022-05-08,College of Natural Sciences,Completed,4
GNT_0000001489,FAC_00000569,5000000,NIH,2019-09-13,2022-09-12,College of Natural Sciences,Completed,178
GNT_0000001490,FAC_00000321,228104,NSF,2022-10-18,2025-10-17,College of Natural Sciences,Completed,2
GNT_0000001491,FAC_00000043,223144,DOD,2018-04-02,2021-04-01,College of Natural Sciences,Completed,8
GNT_0000001492,FAC_00000281,839092,DOC,2018-06-06,2020-06-05,College of Natural Sciences,Completed,20
GNT_0000001493,FAC_00000386,326524,NIH,2018-02-27,2022-02-26,College of Natural Sciences,Completed,12
GNT_0000001494,FAC_00000297,1162105,NIH,2019-07-19,2022-07-18,College of Natural Sciences,Completed,45
GNT_0000001495,FAC_00000128,1719075,NIH,2019-01-07,2022-01-06,College of Natural Sciences,Completed,53
GNT_0000001496,FAC_00000126,91770,Industrial Partner,2023-10-28,2025-10-27,College of Natural Sciences,Cancelled,1
GNT_0000001497,FAC_00000147,63338,DOC,2023-03-06,2025-03-05,College of Natural Sciences,Completed,0
GNT_0000001498,FAC_00000307,3039679,NSF,2024-01-06,2026-01-05,College of Natural Sciences,Completed,66
GNT_0000001499,FAC_00000085,379356,DOD,2020-12-14,2022-12-14,College of Natural Sciences,Completed,8
GNT_0000001500,FAC_00000316,386150,NIH,2021-10-26,2023-10-26,College of Natural Sciences,Completed,4
GNT_0000001501,FAC_00000683,101863,DOD,2021-09-01,2023-09-01,College of Natural Sciences,Completed,1
GNT_0000001502,FAC_00000482,2171880,EPA,2019-02-09,2024-02-08,College of Natural Sciences,Completed,104
GNT_0000001503,FAC_00000158,33490,NSF,2023-03-22,2026-03-21,College of Natural Sciences,Completed,1
GNT_0000001504,FAC_00000097,980538,NSF,2023-07-09,2026-07-08,College of Natural Sciences,Completed,27
GNT_0000001505,FAC_00000462,329539,USDA,2018-08-27,2020-08-26,College of Natural Sciences,Completed,9
GNT_0000001506,FAC_00000424,22219,NSF,2021-02-02,2024-02-02,College of Natural Sciences,Completed,1
GNT_0000001507,FAC_00000359,281727,NIH,2018-07-18,2020-07-17,College of Natural Sciences,Completed,3
GNT_0000001508,FAC_00000391,46247,EPA,2024-01-28,2026-01-27,College of Natural Sciences,Completed,2
GNT_0000001509,FAC_00000482,86558,Private Foundation,2018-02-15,2022-02-14,College of Natural Sciences,Completed,3
GNT_0000001510,FAC_00000248,76328,EPA,2018-08-25,2020-08-24,College of Natural Sciences,Completed,3
GNT_0000001511,FAC_00000409,1263114,Industrial Partner,2019-01-07,2022-01-06,College of Natural Sciences,Completed,48
GNT_0000001512,FAC_00000326,248226,EPA,2024-02-13,2027-02-12,College of Natural Sciences,Active,8
GNT_0000001513,FAC_00000036,17949,EPA,2023-04-15,2025-04-14,College of Natural Sciences,Completed,1
GNT_0000001514,FAC_00000262,27371,NSF,2024-01-11,2029-01-09,College of Natural Sciences,Active,1
GNT_0000001515,FAC_00000458,79309,DOD,2018-11-01,2020-10-31,College of Natural Sciences,Completed,3
GNT_0000001516,FAC_00000546,38278,USDA,2021-01-10,2023-01-10,College of Natural Sciences,Completed,1
GNT_0000001517,FAC_00000346,4416884,NIH,2018-10-07,2022-10-06,College of Natural Sciences,Completed,164
GNT_0000001518,FAC_00000460,211697,Private Foundation,2021-04-06,2024-04-05,College of Natural Sciences,Completed,7
GNT_0000001519,FAC_00000516,94859,DOD,2023-07-27,2026-07-26,College of Natural Sciences,Active,2
GNT_0000001520,FAC_00000193,41382,EPA,2022-08-06,2026-08-05,College of Natural Sciences,Active,0
GNT_0000001521,FAC_00000054,4436652,DOC,2020-05-09,2023-05-09,College of Natural Sciences,Cancelled,163
GNT_0000001522,FAC_00000254,401737,DOE,2018-07-19,2021-07-18,College of Natural Sciences,Cancelled,11
GNT_0000001523,FAC_00000239,441891,DOD,2024-04-28,2025-04-28,College of Natural Sciences,Completed,1
GNT_0000001524,FAC_00000407,173265,NIH,2019-02-28,2020-02-28,College of Natural Sciences,Completed,2
GNT_0000001525,FAC_00000219,264942,Private Foundation,2021-08-06,2022-08-06,College of Natural Sciences,Completed,5
GNT_0000001526,FAC_00000522,648488,DOE,2020-10-09,2023-10-09,College of Natural Sciences,Completed,21
GNT_0000001527,FAC_00000605,216848,NSF,2022-08-14,2026-08-13,College of Natural Sciences,Active,10
GNT_0000001528,FAC_00000269,139426,EPA,2024-04-18,2026-04-18,College of Natural Sciences,Completed,3
GNT_0000001529,FAC_00000533,13949,Industrial Partner,2020-01-18,2023-01-17,College of Natural Sciences,Completed,1
GNT_0000001530,FAC_00000331,29180,Private Foundation,2021-04-19,2024-04-18,College of Natural Sciences,Completed,1
GNT_0000001531,FAC_00000358,1830174,NIH,2019-01-24,2020-01-24,College of Natural Sciences,Completed,16
GNT_0000001532,FAC_00000208,102108,Industrial Partner,2020-07-25,2022-07-25,College of Natural Sciences,Completed,0
GNT_0000001533,FAC_00000518,153141,USDA,2020-06-09,2023-06-09,College of Natural Sciences,Completed,5
GNT_0000001534,FAC_00000186,48630,DOE,2021-01-06,2025-01-05,College of Natural Sciences,Completed,2
GNT_0000001535,FAC_00000670,155954,Industrial Partner,2021-06-20,2026-06-19,College of Natural Sciences,Completed,9
GNT_0000001536,FAC_00000570,48320,NIH,2021-12-20,2024-12-19,College of Natural Sciences,Completed,0
GNT_0000001537,FAC_00000025,86521,NSF,2019-09-11,2021-09-10,College of Natural Sciences,Completed,3
GNT_0000001538,FAC_00000288,5000000,DOE,2021-02-23,2023-02-23,College of Natural Sciences,Completed,96
GNT_0000001539,FAC_00000268,18702,DOD,2022-10-08,2025-10-07,College of Natural Sciences,Completed,0
GNT_0000001540,FAC_00000295,117622,USDA,2021-12-20,2023-12-20,College of Natural Sciences,Completed,2
GNT_0000001541,FAC_00000496,228158,NIH,2021-04-05,2023-04-05,College of Natural Sciences,Completed,6
GNT_0000001542,FAC_00000092,83039,EPA,2021-08-23,2023-08-23,College of Natural Sciences,Completed,2
GNT_0000001543,FAC_00000162,359707,NSF,2018-03-25,2021-03-24,College of Natural Sciences,Completed,9
GNT_0000001544,FAC_00000326,1690120,NIH,2022-08-06,2027-08-05,College of Natural Sciences,Active,88
GNT_0000001545,FAC_00000117,310318,EPA,2018-09-28,2021-09-27,College of Natural Sciences,Completed,8
GNT_0000001546,FAC_00000192,797463,Industrial Partner,2023-02-06,2025-02-05,College of Natural Sciences,Completed,16
GNT_0000001547,FAC_00000488,380719,DOC,2020-10-04,2023-10-04,College of Natural Sciences,Completed,12
GNT_0000001548,FAC_00000259,205375,EPA,2024-07-08,2025-07-08,College of Natural Sciences,Completed,4
GNT_0000001549,FAC_00000645,17646,Private Foundation,2024-06-21,2026-06-21,College of Natural Sciences,Completed,3
GNT_0000001550,FAC_00000378,38544,EPA,2023-01-10,2025-01-09,College of Natural Sciences,Completed,0
GNT_0000001551,FAC_00000587,25683,DOE,2018-10-27,2020-10-26,College of Natural Sciences,Completed,0
GNT_0000001552,FAC_00000005,29406,DOD,2021-07-02,2026-07-01,College of Natural Sciences,Completed,0
GNT_0000001553,FAC_00000317,62585,Industrial Partner,2018-03-27,2021-03-26,College of Natural Sciences,Completed,3
GNT_0000001554,FAC_00000229,159716,Private Foundation,2021-07-23,2023-07-23,College of Natural Sciences,Completed,3
GNT_0000001555,FAC_00000149,125900,DOE,2022-07-15,2026-07-14,College of Natural Sciences,Completed,4
GNT_0000001556,FAC_00000675,250345,DOC,2023-07-21,2024-07-20,College of Natural Sciences,Completed,2
GNT_0000001557,FAC_00000056,5000,EPA,2020-06-27,2025-06-26,College of Natural Sciences,Cancelled,0
GNT_0000001558,FAC_00000664,77677,NIH,2024-03-15,2027-03-15,College of Natural Sciences,Active,2
GNT_0000001559,FAC_00000250,646581,USDA,2024-03-18,2026-03-18,College of Natural Sciences,Completed,16
GNT_0000001560,FAC_00000464,819946,NSF,2019-11-10,2022-11-09,College of Natural Sciences,Completed,23
GNT_0000001561,FAC_00000467,574370,EPA,2022-06-07,2024-06-06,College of Natural Sciences,Completed,7
GNT_0000001562,FAC_00000268,110234,DOC,2024-10-16,2026-10-16,College of Natural Sciences,Active,3
GNT_0000001563,FAC_00000620,732746,NIH,2021-05-20,2025-05-19,College of Natural Sciences,Completed,28
GNT_0000001564,FAC_00000449,528614,Private Foundation,2023-12-21,2026-12-20,College of Natural Sciences,Active,14
GNT_0000001565,FAC_00000503,529039,DOC,2022-10-12,2024-10-11,College of Natural Sciences,Completed,7
GNT_0000001566,FAC_00000388,958066,Private Foundation,2021-01-15,2022-01-15,College of Natural Sciences,Completed,8
GNT_0000001567,FAC_00000490,137018,DOD,2019-12-01,2022-11-30,College of Natural Sciences,Cancelled,5
GNT_0000001568,FAC_00000195,201336,DOD,2018-09-28,2021-09-27,College of Natural Sciences,Completed,7
GNT_0000001569,FAC_00000364,116897,NIH,2018-09-14,2021-09-13,College of Natural Sciences,Completed,6
GNT_0000001570,FAC_00000531,902989,EPA,2018-05-27,2021-05-26,College of Natural Sciences,Completed,20
GNT_0000001571,FAC_00000511,5000000,USDA,2021-01-14,2026-01-13,College of Natural Sciences,Completed,243
GNT_0000001572,FAC_00000038,46798,NSF,2024-12-16,2026-12-16,College of Natural Sciences,Active,0
GNT_0000001573,FAC_00000435,370662,Private Foundation,2018-06-25,2020-06-24,College of Natural Sciences,Completed,8
GNT_0000001574,FAC_00000296,377461,NIH,2021-07-28,2024-07-27,College of Natural Sciences,Completed,11
GNT_0000001575,FAC_00000142,413553,DOD,2024-01-06,2026-01-05,College of Natural Sciences,Completed,8
GNT_0000001576,FAC_00000315,2179614,DOD,2021-01-18,2023-01-18,College of Natural Sciences,Completed,56
GNT_0000001577,FAC_00000266,347374,NSF,2021-01-22,2024-01-22,College of Natural Sciences,Completed,15
GNT_0000001578,FAC_00000022,11776,USDA,2021-12-04,2023-12-04,College of Natural Sciences,Completed,0
GNT_0000001579,FAC_00000036,753934,NIH,2018-10-27,2021-10-26,College of Natural Sciences,Completed,27
GNT_0000001580,FAC_00000587,961603,EPA,2018-03-20,2020-03-19,College of Natural Sciences,Completed,13
GNT_0000001581,FAC_00000663,3377278,USDA,2019-01-06,2022-01-05,College of Natural Sciences,Completed,107
GNT_0000001582,FAC_00000075,19541,NIH,2020-03-25,2023-03-25,College of Natural Sciences,Completed,0
GNT_0000001583,FAC_00000652,1150506,Private Foundation,2024-02-12,2027-02-11,College of Natural Sciences,Active,33
GNT_0000001584,FAC_00000604,2209161,DOC,2019-05-27,2022-05-26,College of Natural Sciences,Completed,57
GNT_0000001585,FAC_00000043,22917,DOC,2022-04-20,2025-04-19,College of Natural Sciences,Completed,1
GNT_0000001586,FAC_00000556,35638,Industrial Partner,2019-01-09,2021-01-08,College of Natural Sciences,Completed,1
GNT_0000001587,FAC_00000596,22718,USDA,2021-05-18,2022-05-18,College of Natural Sciences,Completed,0
GNT_0000001588,FAC_00000457,40541,DOE,2020-10-02,2023-10-02,College of Natural Sciences,Completed,2
GNT_0000001589,FAC_00000283,207374,EPA,2019-10-08,2021-10-07,College of Natural Sciences,Completed,3
GNT_0000001590,FAC_00000487,159134,USDA,2019-03-06,2023-03-05,College of Natural Sciences,Completed,6
GNT_0000001591,FAC_00000687,48788,USDA,2018-06-07,2022-06-06,College of Natural Sciences,Completed,2
GNT_0000001592,FAC_00000328,36216,EPA,2024-04-07,2026-04-07,College of Natural Sciences,Completed,0
GNT_0000001593,FAC_00000300,2687324,NIH,2024-03-01,2026-03-01,College of Natural Sciences,Completed,50
GNT_0000001594,FAC_00000267,151462,DOE,2022-03-08,2024-03-07,College of Natural Sciences,Completed,1
GNT_0000001595,FAC_00000343,767395,DOC,2022-06-03,2025-06-02,College of Natural Sciences,Completed,24
GNT_0000001596,FAC_00000097,221828,NSF,2021-01-05,2023-01-05,College of Natural Sciences,Completed,6
GNT_0000001597,FAC_00000239,8291,DOC,2020-06-21,2024-06-20,College of Natural Sciences,Completed,0
GNT_0000001598,FAC_00000651,409773,DOC,2022-06-12,2024-06-11,College of Natural Sciences,Completed,11
GNT_0000001599,FAC_00000186,114695,NSF,2018-01-04,2021-01-03,College of Natural Sciences,Completed,2
GNT_0000001600,FAC_00000431,93793,Industrial Partner,2018-10-24,2020-10-23,College of Natural Sciences,Completed,2
GNT_0000001601,FAC_00000167,469369,USDA,2021-04-11,2026-04-10,College of Natural Sciences,Completed,29
GNT_0000001602,FAC_00000536,552276,DOC,2021-05-11,2023-05-11,College of Natural Sciences,Completed,9
GNT_0000001603,FAC_00000266,129430,NSF,2022-12-22,2024-12-21,College of Natural Sciences,Completed,2
GNT_0000001604,FAC_00000600,34174,NIH,2023-01-08,2024-01-08,College of Natural Sciences,Completed,0
GNT_0000001605,FAC_00000654,942223,Private Foundation,2019-07-19,2021-07-18,College of Natural Sciences,Completed,15
GNT_0000001606,FAC_00000532,588777,Private Foundation,2019-09-27,2022-09-26,College of Natural Sciences,Completed,14
GNT_0000001607,FAC_00000176,135074,NSF,2022-09-26,2025-09-25,College of Natural Sciences,Completed,5
GNT_0000001608,FAC_00000568,3223628,Private Foundation,2019-09-10,2022-09-09,College of Natural Sciences,Completed,98
GNT_0000001609,FAC_00000324,168993,USDA,2019-12-26,2021-12-25,College of Natural Sciences,Completed,1
GNT_0000001610,FAC_00000271,34473,NIH,2020-04-20,2022-04-20,College of Natural Sciences,Completed,2
GNT_0000001611,FAC_00000056,63510,DOD,2022-04-25,2024-04-24,College of Natural Sciences,Completed,1
GNT_0000001612,FAC_00000658,427529,DOE,2023-04-07,2025-04-06,College of Natural Sciences,Completed,11
GNT_0000001613,FAC_00000663,26955,USDA,2020-03-10,2021-03-10,College of Natural Sciences,Completed,0
GNT_0000001614,FAC_00000326,301221,NSF,2023-04-13,2026-04-12,College of Natural Sciences,Completed,10
GNT_0000001615,FAC_00000021,34589,DOC,2019-03-19,2024-03-17,College of Natural Sciences,Completed,1
GNT_0000001616,FAC_00000040,86428,DOC,2023-07-05,2024-07-04,College of Natural Sciences,Completed,1
GNT_0000001617,FAC_00000675,246421,EPA,2023-01-26,2025-01-25,College of Natural Sciences,Completed,0
GNT_0000001618,FAC_00000377,241419,DOC,2024-09-01,2028-08-31,College of Natural Sciences,Active,8
GNT_0000001619,FAC_00000097,476887,DOE,2021-06-19,2024-06-18,College of Natural Sciences,Completed,9
GNT_0000001620,FAC_00000002,232441,NIH,2020-12-24,2022-12-24,College of Natural Sciences,Completed,2
GNT_0000001621,FAC_00000017,362889,NSF,2018-09-21,2020-09-20,College of Natural Sciences,Completed,5
GNT_0000001622,FAC_00000226,528102,DOD,2018-04-04,2020-04-03,College of Natural Sciences,Cancelled,13
GNT_0000001623,FAC_00000607,416769,Private Foundation,2018-03-27,2022-03-26,College of Natural Sciences,Completed,13
GNT_0000001624,FAC_00000131,61182,DOC,2020-05-25,2021-05-25,College of Natural Sciences,Completed,1
GNT_0000001625,FAC_00000596,175141,NIH,2024-05-03,2026-05-03,College of Natural Sciences,Completed,2
GNT_0000001626,FAC_00000641,3576634,Private Foundation,2022-03-19,2025-03-18,College of Natural Sciences,Completed,103
GNT_0000001627,FAC_00000626,68417,DOD,2023-01-15,2027-01-14,College of Natural Sciences,Active,4
GNT_0000001628,FAC_00000473,256509,DOE,2018-06-25,2021-06-24,College of Natural Sciences,Completed,5
GNT_0000001629,FAC_00000252,151416,Industrial Partner,2021-10-13,2023-10-13,College of Natural Sciences,Completed,4
GNT_0000001630,FAC_00000640,24001,Industrial Partner,2021-06-28,2023-06-28,College of Natural Sciences,Completed,1
GNT_0000001631,FAC_00000174,282796,Private Foundation,2020-10-20,2024-10-19,College of Natural Sciences,Completed,10
GNT_0000001632,FAC_00000195,237610,Private Foundation,2019-10-05,2021-10-04,College of Natural Sciences,Completed,9
GNT_0000001633,FAC_00000199,5000000,DOC,2018-01-04,2023-01-03,College of Natural Sciences,Completed,252
GNT_0000001634,FAC_00000687,80247,USDA,2024-03-08,2027-03-08,College of Natural Sciences,Active,0
GNT_0000001635,FAC_00000207,98546,EPA,2018-08-13,2020-08-12,College of Natural Sciences,Completed,1
GNT_0000001636,FAC_00000136,28570,EPA,2022-04-03,2024-04-02,College of Natural Sciences,Completed,1
GNT_0000001637,FAC_00000355,26263,USDA,2020-08-15,2024-08-14,College of Natural Sciences,Completed,0
GNT_0000001638,FAC_00000455,4120526,NSF,2023-05-19,2025-05-18,College of Natural Sciences,Cancelled,87
GNT_0000001639,FAC_00000143,794943,DOE,2019-06-09,2022-06-08,College of Natural Sciences,Completed,24
GNT_0000001640,FAC_00000263,42860,NSF,2024-03-03,2026-03-03,College of Natural Sciences,Completed,1
GNT_0000001641,FAC_00000093,335195,DOC,2020-01-13,2023-01-12,College of Natural Sciences,Completed,8
GNT_0000001642,FAC_00000646,25413,DOD,2021-03-20,2025-03-19,College of Natural Sciences,Completed,0
GNT_0000001643,FAC_00000641,2347132,USDA,2020-05-21,2022-05-21,College of Natural Sciences,Completed,43
GNT_0000001644,FAC_00000175,198734,DOC,2018-02-19,2019-02-19,College of Natural Sciences,Cancelled,3
GNT_0000001645,FAC_00000270,526525,DOE,2021-04-15,2024-04-14,College of Natural Sciences,Completed,17
GNT_0000001646,FAC_00000215,1303536,USDA,2020-06-20,2022-06-20,College of Natural Sciences,Completed,25
GNT_0000001647,FAC_00000338,284415,Private Foundation,2021-02-19,2024-02-19,College of Natural Sciences,Completed,13
GNT_0000001648,FAC_00000003,119804,DOD,2024-03-06,2027-03-06,College of Natural Sciences,Active,2
GNT_0000001649,FAC_00000032,510222,DOE,2020-07-15,2023-07-15,College of Natural Sciences,Completed,16
GNT_0000001650,FAC_00000138,182660,NIH,2019-02-23,2022-02-22,College of Natural Sciences,Completed,5
GNT_0000001651,FAC_00000480,116793,Industrial Partner,2021-04-04,2024-04-03,College of Natural Sciences,Completed,2
GNT_0000001652,FAC_00000266,5696,NSF,2020-08-12,2023-08-12,College of Natural Sciences,Completed,0
GNT_0000001653,FAC_00000221,95916,EPA,2024-04-24,2029-04-23,College of Natural Sciences,Active,5
GNT_0000001654,FAC_00000284,4464560,USDA,2023-07-05,2028-07-03,College of Natural Sciences,Active,223
GNT_0000001655,FAC_00000033,138914,EPA,2022-07-28,2023-07-28,College of Natural Sciences,Cancelled,0
GNT_0000001656,FAC_00000041,46852,Industrial Partner,2023-05-16,2025-05-15,College of Natural Sciences,Completed,2
GNT_0000001657,FAC_00000169,3103102,DOC,2021-06-05,2025-06-04,College of Natural Sciences,Completed,118
GNT_0000001658,FAC_00000034,15302,Industrial Partner,2018-11-28,2022-11-27,College of Natural Sciences,Completed,0
GNT_0000001659,FAC_00000215,2511133,EPA,2019-09-21,2021-09-20,College of Natural Sciences,Completed,48
GNT_0000001660,FAC_00000272,247800,EPA,2023-07-09,2027-07-08,College of Natural Sciences,Active,12
GNT_0000001661,FAC_00000310,771293,Industrial Partner,2024-07-04,2026-07-04,College of Natural Sciences,Completed,20
GNT_0000001662,FAC_00000589,283988,DOE,2020-03-23,2023-03-23,College of Natural Sciences,Completed,18
GNT_0000001663,FAC_00000436,91223,USDA,2018-01-20,2022-01-19,College of Natural Sciences,Completed,5
GNT_0000001664,FAC_00000046,2061591,EPA,2020-07-04,2023-07-04,College of Natural Sciences,Completed,53
GNT_0000001665,FAC_00000653,118966,DOD,2023-08-26,2024-08-25,College of Natural Sciences,Completed,0
GNT_0000001666,FAC_00000534,315969,EPA,2022-04-01,2025-03-31,College of Natural Sciences,Completed,12
GNT_0000001667,FAC_00000138,42638,DOD,2024-01-19,2027-01-18,College of Natural Sciences,Active,2
GNT_0000001668,FAC_00000571,657862,Industrial Partner,2023-10-06,2028-10-04,College of Natural Sciences,Active,21
GNT_0000001669,FAC_00000490,375644,NIH,2019-11-24,2020-11-23,College of Natural Sciences,Completed,2
GNT_0000001670,FAC_00000208,122148,DOE,2023-09-09,2028-09-07,College of Natural Sciences,Active,6
GNT_0000001671,FAC_00000373,124712,Private Foundation,2024-06-28,2027-06-28,College of Natural Sciences,Active,5
GNT_0000001672,FAC_00000606,974530,Private Foundation,2023-03-09,2028-03-07,College of Natural Sciences,Active,28
GNT_0000001673,FAC_00000344,148624,NSF,2020-01-07,2022-01-06,College of Natural Sciences,Completed,3
GNT_0000001674,FAC_00000005,29327,NIH,2023-03-23,2027-03-22,College of Natural Sciences,Active,3
GNT_0000001675,FAC_00000261,60025,NIH,2024-02-03,2029-02-01,College of Natural Sciences,Active,1
GNT_0000001676,FAC_00000163,2803166,EPA,2022-06-23,2023-06-23,College of Natural Sciences,Completed,28
GNT_0000001677,FAC_00000586,2316773,DOD,2023-04-28,2028-04-26,College of Natural Sciences,Active,120
GNT_0000001678,FAC_00000322,111100,DOE,2022-06-12,2025-06-11,College of Natural Sciences,Completed,2
GNT_0000001679,FAC_00000457,14555,Industrial Partner,2022-01-11,2025-01-10,College of Natural Sciences,Completed,1
GNT_0000001680,FAC_00000659,253256,NSF,2022-02-09,2025-02-08,College of Natural Sciences,Completed,6
GNT_0000001681,FAC_00000576,380764,EPA,2018-04-24,2019-04-24,College of Natural Sciences,Completed,7
GNT_0000001682,FAC_00000339,151342,NIH,2023-03-04,2025-03-03,College of Natural Sciences,Completed,1
GNT_0000001683,FAC_00000465,3315315,NIH,2020-10-21,2022-10-21,College of Natural Sciences,Completed,73
GNT_0000001684,FAC_00000293,715293,DOE,2021-02-10,2025-02-09,College of Natural Sciences,Completed,27
GNT_0000001685,FAC_00000592,108804,NSF,2023-04-22,2025-04-21,College of Natural Sciences,Completed,3
GNT_0000001686,FAC_00000692,247283,EPA,2021-01-17,2022-01-17,College of Natural Sciences,Completed,2
GNT_0000001687,FAC_00000617,11502,USDA,2022-08-16,2025-08-15,College of Natural Sciences,Completed,0
GNT_0000001688,FAC_00000576,10549,DOC,2020-10-15,2023-10-15,College of Natural Sciences,Completed,0
GNT_0000001689,FAC_00000462,134012,USDA,2024-11-05,2028-11-04,College of Natural Sciences,Active,8
GNT_0000001690,FAC_00000403,266519,DOE,2020-05-15,2023-05-15,College of Natural Sciences,Completed,4
GNT_0000001691,FAC_00000343,5000000,EPA,2024-10-05,2026-10-05,College of Natural Sciences,Active,107
GNT_0000001692,FAC_00000515,117954,DOD,2023-06-23,2026-06-22,College of Natural Sciences,Completed,5
GNT_0000001693,FAC_00000680,260049,NSF,2023-12-09,2026-12-08,College of Natural Sciences,Active,11
GNT_0000001694,FAC_00000168,748450,USDA,2024-03-05,2026-03-05,College of Natural Sciences,Completed,14
GNT_0000001695,FAC_00000454,725460,NSF,2021-02-17,2022-02-17,College of Natural Sciences,Cancelled,5
GNT_0000001696,FAC_00000090,43551,DOC,2021-09-08,2024-09-07,College of Natural Sciences,Completed,1
GNT_0000001697,FAC_00000473,5369,DOE,2023-12-27,2025-12-26,College of Natural Sciences,Completed,0
GNT_0000001698,FAC_00000354,1130875,DOD,2019-05-21,2021-05-20,College of Natural Sciences,Completed,24
GNT_0000001699,FAC_00000316,144509,DOD,2019-11-11,2023-11-10,College of Natural Sciences,Completed,4
GNT_0000001700,FAC_00000512,33127,EPA,2019-12-18,2022-12-17,College of Natural Sciences,Completed,1
GNT_0000001701,FAC_00000040,143596,NSF,2019-02-19,2022-02-18,College of Natural Sciences,Completed,9
GNT_0000001702,FAC_00000594,226706,EPA,2018-03-24,2021-03-23,College of Natural Sciences,Completed,7
GNT_0000001703,FAC_00000678,75365,DOC,2019-01-10,2022-01-09,College of Natural Sciences,Completed,1
GNT_0000001704,FAC_00000067,2003005,DOE,2020-09-16,2022-09-16,College of Natural Sciences,Completed,38
GNT_0000001705,FAC_00000520,541414,Private Foundation,2018-08-02,2021-08-01,College of Natural Sciences,Completed,8
GNT_0000001706,FAC_00000077,177309,NIH,2021-07-16,2024-07-15,College of Natural Sciences,Completed,2
GNT_0000001707,FAC_00000637,1123383,NIH,2021-11-13,2024-11-12,College of Natural Sciences,Completed,25
GNT_0000001708,FAC_00000483,702949,DOC,2018-10-07,2021-10-06,College of Natural Sciences,Completed,25
GNT_0000001709,FAC_00000440,78070,DOC,2020-04-08,2024-04-07,College of Natural Sciences,Completed,3
GNT_0000001710,FAC_00000621,215571,DOE,2019-03-19,2023-03-18,College of Natural Sciences,Completed,8
GNT_0000001711,FAC_00000466,119387,Private Foundation,2023-10-18,2026-10-17,College of Natural Sciences,Active,2
GNT_0000001712,FAC_00000336,1799718,USDA,2021-07-12,2026-07-11,College of Natural Sciences,Completed,97
GNT_0000001713,FAC_00000528,351928,USDA,2022-02-12,2025-02-11,College of Natural Sciences,Completed,12
GNT_0000001714,FAC_00000656,506869,Industrial Partner,2019-10-02,2021-10-01,College of Natural Sciences,Completed,19
GNT_0000001715,FAC_00000664,79955,Industrial Partner,2022-03-11,2025-03-10,College of Natural Sciences,Completed,2
GNT_0000001716,FAC_00000552,10178,NIH,2023-08-23,2025-08-22,College of Natural Sciences,Completed,1
GNT_0000001717,FAC_00000080,362241,USDA,2024-09-22,2028-09-21,College of Natural Sciences,Active,9
GNT_0000001718,FAC_00000618,66937,DOD,2018-05-14,2021-05-13,College of Natural Sciences,Completed,1
GNT_0000001719,FAC_00000061,644611,Private Foundation,2023-05-02,2024-05-01,College of Natural Sciences,Completed,4
GNT_0000001720,FAC_00000313,309143,DOC,2023-09-11,2025-09-10,College of Natural Sciences,Completed,7
GNT_0000001721,FAC_00000192,8653,NSF,2022-11-17,2026-11-16,College of Natural Sciences,Active,0
GNT_0000001722,FAC_00000497,35740,DOD,2021-06-24,2024-06-23,College of Natural Sciences,Completed,2
GNT_0000001723,FAC_00000599,57229,USDA,2020-09-17,2023-09-17,College of Natural Sciences,Completed,2
GNT_0000001724,FAC_00000171,136488,DOD,2019-04-27,2024-04-25,College of Natural Sciences,Completed,9
GNT_0000001725,FAC_00000354,71140,DOC,2020-12-18,2023-12-18,College of Natural Sciences,Completed,3
GNT_0000001726,FAC_00000606,960877,USDA,2022-03-25,2023-03-25,College of Natural Sciences,Completed,10
GNT_0000001727,FAC_00000429,142409,NSF,2023-06-23,2026-06-22,College of Natural Sciences,Completed,5
GNT_0000001728,FAC_00000413,375113,EPA,2020-07-23,2023-07-23,College of Natural Sciences,Completed,8
GNT_0000001729,FAC_00000655,495692,Private Foundation,2022-08-05,2023-08-05,College of Natural Sciences,Completed,7
GNT_0000001730,FAC_00000085,1333078,Industrial Partner,2024-07-26,2029-07-25,College of Natural Sciences,Active,69
GNT_0000001731,FAC_00000092,16456,NIH,2023-03-01,2025-02-28,College of Natural Sciences,Completed,0
GNT_0000001732,FAC_00000164,3055560,NSF,2024-12-17,2028-12-16,College of Natural Sciences,Active,117
GNT_0000001733,FAC_00000357,125830,DOE,2018-05-13,2019-05-13,College of Natural Sciences,Completed,2
GNT_0000001734,FAC_00000260,1021886,USDA,2024-08-05,2026-08-05,College of Natural Sciences,Active,22
GNT_0000001735,FAC_00000241,982061,DOD,2019-11-19,2020-11-18,College of Natural Sciences,Completed,10
GNT_0000001736,FAC_00000306,144521,NIH,2022-03-12,2025-03-11,College of Natural Sciences,Completed,3
GNT_0000001737,FAC_00000114,1996228,USDA,2023-05-07,2026-05-06,College of Natural Sciences,Completed,65
GNT_0000001738,FAC_00000419,151879,Industrial Partner,2022-11-28,2026-11-27,College of Natural Sciences,Active,5
GNT_0000001739,FAC_00000624,138609,Private Foundation,2018-06-24,2021-06-23,College of Natural Sciences,Completed,3
GNT_0000001740,FAC_00000136,296923,DOD,2021-06-03,2023-06-03,College of Natural Sciences,Completed,5
GNT_0000001741,FAC_00000570,50725,NIH,2020-10-13,2025-10-12,College of Natural Sciences,Completed,1
GNT_0000001742,FAC_00000538,27766,NIH,2021-03-18,2023-03-18,College of Natural Sciences,Completed,0
GNT_0000001743,FAC_00000200,24238,Private Foundation,2018-03-06,2021-03-05,College of Natural Sciences,Completed,0
GNT_0000001744,FAC_00000440,48042,Private Foundation,2019-03-28,2024-03-26,College of Natural Sciences,Completed,1
GNT_0000001745,FAC_00000263,261051,USDA,2019-06-01,2023-05-31,College of Natural Sciences,Completed,15
GNT_0000001746,FAC_00000162,22374,EPA,2024-02-18,2028-02-17,College of Natural Sciences,Active,2
GNT_0000001747,FAC_00000144,433999,NIH,2023-03-12,2027-03-11,College of Natural Sciences,Active,15
GNT_0000001748,FAC_00000368,367666,DOD,2018-12-26,2019-12-26,College of Natural Sciences,Completed,6
GNT_0000001749,FAC_00000134,141464,USDA,2023-11-21,2025-11-20,College of Natural Sciences,Completed,2
GNT_0000001750,FAC_00000099,40639,DOD,2023-07-06,2028-07-04,College of Natural Sciences,Active,1
GNT_0000001751,FAC_00000666,2823040,USDA,2022-05-15,2025-05-14,College of Natural Sciences,Cancelled,80
GNT_0000001752,FAC_00000063,481082,Private Foundation,2021-03-18,2026-03-17,College of Natural Sciences,Completed,19
GNT_0000001753,FAC_00000156,681151,NIH,2018-07-07,2020-07-06,College of Natural Sciences,Completed,16
GNT_0000001754,FAC_00000040,111706,NSF,2021-10-25,2023-10-25,College of Natural Sciences,Completed,6
GNT_0000001755,FAC_00000587,64585,NIH,2020-05-06,2023-05-06,College of Natural Sciences,Completed,3
GNT_0000001756,FAC_00000089,539984,USDA,2018-11-01,2020-10-31,College of Natural Sciences,Completed,8
GNT_0000001757,FAC_00000207,699553,NSF,2019-02-28,2024-02-27,College of Natural Sciences,Completed,25
GNT_0000001758,FAC_00000056,96716,DOE,2018-03-26,2019-03-26,College of Natural Sciences,Completed,2
GNT_0000001759,FAC_00000015,271789,EPA,2024-03-08,2027-03-08,College of Natural Sciences,Active,9
GNT_0000001760,FAC_00000559,516988,DOD,2019-05-03,2022-05-02,College of Natural Sciences,Completed,18
GNT_0000001761,FAC_00000230,243981,Industrial Partner,2018-05-19,2021-05-18,College of Natural Sciences,Completed,9
GNT_0000001762,FAC_00000678,84901,NIH,2020-10-06,2023-10-06,College of Natural Sciences,Completed,1
GNT_0000001763,FAC_00000241,558239,Private Foundation,2018-10-01,2021-09-30,College of Natural Sciences,Completed,21
GNT_0000001764,FAC_00000376,2918215,DOC,2023-01-20,2024-01-20,College of Natural Sciences,Completed,25
GNT_0000001765,FAC_00000677,751639,DOD,2019-12-21,2021-12-20,College of Natural Sciences,Completed,20
GNT_0000001766,FAC_00000286,110621,DOE,2018-07-13,2020-07-12,College of Natural Sciences,Completed,3
GNT_0000001767,FAC_00000616,12558,EPA,2019-03-27,2022-03-26,College of Natural Sciences,Completed,0
GNT_0000001768,FAC_00000687,48877,NIH,2024-12-15,2026-12-15,College of Natural Sciences,Active,2
GNT_0000001769,FAC_00000671,1327593,NSF,2019-01-05,2022-01-04,College of Natural Sciences,Completed,44
GNT_0000001770,FAC_00000229,38682,Industrial Partner,2024-07-13,2027-07-13,College of Natural Sciences,Active,6
GNT_0000001771,FAC_00000561,15467,DOD,2021-01-09,2024-01-09,College of Natural Sciences,Completed,1
GNT_0000001772,FAC_00000487,41257,EPA,2018-06-27,2021-06-26,College of Natural Sciences,Completed,2
GNT_0000001773,FAC_00000125,422044,EPA,2021-01-19,2024-01-19,College of Natural Sciences,Completed,18
GNT_0000001774,FAC_00000210,275955,Industrial Partner,2020-06-14,2023-06-14,College of Natural Sciences,Completed,10
GNT_0000001775,FAC_00000475,20069,USDA,2022-04-06,2024-04-05,College of Natural Sciences,Completed,0
GNT_0000001776,FAC_00000091,696818,EPA,2024-02-16,2026-02-15,College of Natural Sciences,Completed,15
GNT_0000001777,FAC_00000660,980434,Industrial Partner,2018-05-21,2021-05-20,College of Natural Sciences,Completed,19
GNT_0000001778,FAC_00000141,41319,NSF,2023-01-01,2027-12-31,College of Natural Sciences,Active,1
GNT_0000001779,FAC_00000323,151647,DOD,2020-12-08,2022-12-08,College of Natural Sciences,Completed,4
GNT_0000001780,FAC_00000559,5167,DOC,2019-10-03,2022-10-02,College of Natural Sciences,Completed,0
GNT_0000001781,FAC_00000068,556661,NSF,2024-01-24,2029-01-22,College of Natural Sciences,Active,34
GNT_0000001782,FAC_00000066,254176,DOC,2023-02-19,2026-02-18,College of Natural Sciences,Completed,6
GNT_0000001783,FAC_00000538,112920,EPA,2022-04-08,2026-04-07,College of Natural Sciences,Completed,4
GNT_0000001784,FAC_00000226,82712,Private Foundation,2021-06-25,2023-06-25,College of Natural Sciences,Completed,1
GNT_0000001785,FAC_00000135,430604,Industrial Partner,2023-04-18,2027-04-17,College of Natural Sciences,Active,11
GNT_0000001786,FAC_00000346,145914,USDA,2019-10-06,2022-10-05,College of Natural Sciences,Completed,5
GNT_0000001787,FAC_00000076,623475,Private Foundation,2019-03-06,2022-03-05,College of Natural Sciences,Completed,19
GNT_0000001788,FAC_00000579,2582704,EPA,2022-05-27,2024-05-26,College of Natural Sciences,Completed,59
GNT_0000001789,FAC_00000446,1478093,NSF,2024-08-03,2026-08-03,College of Natural Sciences,Active,20
GNT_0000001790,FAC_00000079,1005489,NSF,2018-02-19,2021-02-18,College of Natural Sciences,Completed,28
GNT_0000001791,FAC_00000624,132695,Industrial Partner,2021-04-13,2023-04-13,College of Natural Sciences,Completed,0
GNT_0000001792,FAC_00000462,189196,Private Foundation,2023-01-23,2028-01-22,College of Natural Sciences,Active,12
GNT_0000001793,FAC_00000586,360459,DOE,2021-01-14,2024-01-14,College of Natural Sciences,Completed,9
GNT_0000001794,FAC_00000585,145409,DOD,2020-01-17,2022-01-16,College of Natural Sciences,Cancelled,2
GNT_0000001795,FAC_00000565,2084235,DOD,2020-03-15,2023-03-15,College of Natural Sciences,Completed,53
GNT_0000001796,FAC_00000446,207568,Private Foundation,2021-08-22,2024-08-21,College of Natural Sciences,Completed,5
GNT_0000001797,FAC_00000307,32202,Industrial Partner,2020-01-11,2023-01-10,College of Natural Sciences,Completed,0
GNT_0000001798,FAC_00000007,143257,USDA,2018-07-09,2023-07-08,College of Natural Sciences,Completed,5
GNT_0000001799,FAC_00000253,37953,NSF,2023-07-04,2026-07-03,College of Natural Sciences,Completed,1
GNT_0000001800,FAC_00000275,45338,Industrial Partner,2022-11-24,2027-11-23,College of Natural Sciences,Active,2
GNT_0000001801,FAC_00000197,253219,USDA,2019-07-27,2021-07-26,College of Natural Sciences,Completed,6
GNT_0000001802,FAC_00000452,102131,NSF,2023-01-16,2024-01-16,College of Natural Sciences,Completed,0
GNT_0000001803,FAC_00000517,235693,DOE,2018-07-28,2021-07-27,College of Natural Sciences,Completed,11
GNT_0000001804,FAC_00000506,465683,USDA,2021-03-13,2026-03-12,College of Natural Sciences,Cancelled,16
GNT_0000001805,FAC_00000679,684762,NSF,2023-05-07,2026-05-06,College of Natural Sciences,Completed,15
GNT_0000001806,FAC_00000048,742239,DOC,2018-12-17,2021-12-16,College of Natural Sciences,Completed,19
GNT_0000001807,FAC_00000112,294414,EPA,2024-12-12,2028-12-11,College of Natural Sciences,Active,17
GNT_0000001808,FAC_00000553,429651,DOE,2020-01-01,2022-12-31,College of Natural Sciences,Cancelled,11
GNT_0000001809,FAC_00000647,99613,NSF,2020-10-11,2023-10-11,College of Natural Sciences,Completed,2
GNT_0000001810,FAC_00000665,585589,Private Foundation,2024-04-15,2029-04-14,College of Natural Sciences,Active,32
GNT_0000001811,FAC_00000296,95264,DOE,2021-03-07,2023-03-07,College of Natural Sciences,Completed,2
GNT_0000001812,FAC_00000117,53595,USDA,2023-05-14,2026-05-13,College of Natural Sciences,Completed,1
GNT_0000001813,FAC_00000009,165483,Industrial Partner,2023-02-15,2024-02-15,College of Natural Sciences,Cancelled,1
GNT_0000001814,FAC_00000173,74536,Industrial Partner,2019-07-22,2023-07-21,College of Natural Sciences,Completed,3
GNT_0000001815,FAC_00000055,217373,NIH,2024-03-28,2027-03-28,College of Natural Sciences,Active,7
GNT_0000001816,FAC_00000539,215389,DOC,2020-04-22,2023-04-22,College of Natural Sciences,Completed,8
GNT_0000001817,FAC_00000006,112655,NIH,2018-02-07,2020-02-07,College of Natural Sciences,Completed,4
GNT_0000001818,FAC_00000403,402286,EPA,2023-04-26,2026-04-25,College of Natural Sciences,Completed,18
GNT_0000001819,FAC_00000676,59738,DOD,2018-07-04,2019-07-04,College of Natural Sciences,Completed,1
GNT_0000001820,FAC_00000359,80259,EPA,2020-01-21,2022-01-20,College of Natural Sciences,Completed,3
GNT_0000001821,FAC_00000486,160182,EPA,2023-10-09,2025-10-08,College of Natural Sciences,Completed,6
GNT_0000001822,FAC_00000364,326202,DOD,2019-05-23,2020-05-22,College of Natural Sciences,Cancelled,7
GNT_0000001823,FAC_00000378,165687,DOC,2024-02-14,2026-02-13,College of Natural Sciences,Completed,3
GNT_0000001824,FAC_00000575,220977,DOD,2020-05-05,2023-05-05,College of Natural Sciences,Completed,6
GNT_0000001825,FAC_00000158,96469,NSF,2019-04-23,2021-04-22,College of Natural Sciences,Completed,4
GNT_0000001826,FAC_00000199,66849,USDA,2018-02-13,2022-02-12,College of Natural Sciences,Completed,2
GNT_0000001827,FAC_00000434,43841,DOE,2021-06-09,2025-06-08,College of Natural Sciences,Completed,2
GNT_0000001828,FAC_00000504,358477,Industrial Partner,2023-05-04,2026-05-03,College of Natural Sciences,Completed,11
GNT_0000001829,FAC_00000504,4429937,DOD,2019-12-07,2024-12-05,College of Natural Sciences,Completed,223
GNT_0000001830,FAC_00000029,6293,USDA,2021-08-06,2025-08-05,College of Natural Sciences,Completed,1
GNT_0000001831,FAC_00000385,407703,DOE,2024-08-16,2029-08-15,College of Natural Sciences,Active,22
GNT_0000001832,FAC_00000595,31176,NSF,2023-11-13,2026-11-12,College of Natural Sciences,Active,0
GNT_0000001833,FAC_00000505,70619,Private Foundation,2018-09-12,2020-09-11,College of Natural Sciences,Completed,2
GNT_0000001834,FAC_00000619,6898,Industrial Partner,2019-08-14,2022-08-13,College of Natural Sciences,Completed,0
GNT_0000001835,FAC_00000598,242784,NIH,2022-01-14,2024-01-14,College of Natural Sciences,Completed,7
GNT_0000001836,FAC_00000534,113575,USDA,2020-12-07,2023-12-07,College of Natural Sciences,Completed,1
GNT_0000001837,FAC_00000665,57837,NSF,2021-05-20,2024-05-19,College of Natural Sciences,Completed,2
GNT_0000001838,FAC_00000490,763912,NSF,2021-05-06,2024-05-05,College of Natural Sciences,Completed,23
GNT_0000001839,FAC_00000362,99753,EPA,2022-10-02,2024-10-01,College of Natural Sciences,Completed,4
GNT_0000001840,FAC_00000370,105510,DOE,2020-05-14,2021-05-14,College of Natural Sciences,Completed,0
GNT_0000001841,FAC_00000064,302262,Industrial Partner,2024-02-16,2027-02-15,College of Natural Sciences,Active,10
GNT_0000001842,FAC_00000496,365893,NIH,2020-06-28,2022-06-28,College of Natural Sciences,Completed,5
GNT_0000001843,FAC_00000588,172937,USDA,2019-06-04,2022-06-03,College of Natural Sciences,Completed,3
GNT_0000001844,FAC_00000169,67067,USDA,2021-09-18,2024-09-17,College of Natural Sciences,Completed,2
GNT_0000001845,FAC_00000387,330760,Industrial Partner,2021-08-01,2024-07-31,College of Natural Sciences,Completed,9
GNT_0000001846,FAC_00000482,83422,DOD,2019-02-27,2022-02-26,College of Natural Sciences,Completed,1
GNT_0000001847,FAC_00000356,300915,DOE,2018-08-20,2022-08-19,College of Natural Sciences,Completed,11
GNT_0000001848,FAC_00000171,1324158,NIH,2022-10-19,2023-10-19,College of Natural Sciences,Completed,15
GNT_0000001849,FAC_00000520,1955267,DOC,2023-04-06,2025-04-05,College of Natural Sciences,Completed,43
GNT_0000001850,FAC_00000360,551127,DOE,2022-05-23,2025-05-22,College of Natural Sciences,Completed,19
GNT_0000001851,FAC_00000616,195852,DOC,2020-03-02,2022-03-02,College of Natural Sciences,Completed,5
GNT_0000001852,FAC_00000648,65696,NSF,2024-03-10,2027-03-10,College of Natural Sciences,Active,0
GNT_0000001853,FAC_00000063,410646,NIH,2018-09-08,2020-09-07,College of Natural Sciences,Completed,11
GNT_0000001854,FAC_00000538,107750,DOD,2024-08-10,2027-08-10,College of Natural Sciences,Active,2
GNT_0000001855,FAC_00000687,364799,Industrial Partner,2022-05-25,2026-05-24,College of Natural Sciences,Completed,14
GNT_0000001856,FAC_00000338,1380550,DOD,2023-05-03,2025-05-02,College of Natural Sciences,Completed,28
GNT_0000001857,FAC_00000027,121163,DOE,2022-08-06,2027-08-05,College of Natural Sciences,Active,8
GNT_0000001858,FAC_00000544,14593,DOE,2018-04-09,2022-04-08,College of Natural Sciences,Completed,0
GNT_0000001859,FAC_00000284,825067,DOD,2020-06-14,2022-06-14,College of Natural Sciences,Completed,10
GNT_0000001860,FAC_00000150,79289,DOE,2018-06-26,2021-06-25,College of Natural Sciences,Completed,6
GNT_0000001861,FAC_00000103,35263,NSF,2021-04-17,2025-04-16,College of Natural Sciences,Completed,0
GNT_0000001862,FAC_00000212,41810,NSF,2021-07-19,2023-07-19,College of Natural Sciences,Cancelled,1
GNT_0000001863,FAC_00000612,190045,USDA,2021-05-15,2025-05-14,College of Natural Sciences,Cancelled,7
GNT_0000001864,FAC_00000086,3799478,Private Foundation,2023-10-25,2026-10-24,College of Natural Sciences,Active,101
GNT_0000001865,FAC_00000075,745980,DOD,2020-01-06,2022-01-05,College of Natural Sciences,Completed,11
GNT_0000001866,FAC_00000439,75778,DOD,2021-06-28,2023-06-28,College of Natural Sciences,Completed,1
GNT_0000001867,FAC_00000478,109578,Industrial Partner,2022-05-25,2025-05-24,College of Natural Sciences,Completed,4
GNT_0000001868,FAC_00000320,48773,EPA,2023-09-12,2024-09-11,College of Natural Sciences,Completed,1
GNT_0000001869,FAC_00000063,10214,USDA,2021-12-08,2024-12-07,College of Natural Sciences,Completed,0
GNT_0000001870,FAC_00000108,187971,EPA,2020-07-27,2021-07-27,College of Natural Sciences,Completed,2
GNT_0000001871,FAC_00000241,1152778,DOD,2024-03-14,2026-03-14,College of Natural Sciences,Completed,24
GNT_0000001872,FAC_00000422,369242,NSF,2020-09-19,2022-09-19,College of Natural Sciences,Completed,8
GNT_0000001873,FAC_00000398,109373,DOD,2018-01-09,2020-01-09,College of Natural Sciences,Completed,1
GNT_0000001874,FAC_00000548,119750,USDA,2020-12-15,2024-12-14,College of Natural Sciences,Completed,5
GNT_0000001875,FAC_00000566,295366,NIH,2020-03-07,2021-03-07,College of Natural Sciences,Completed,3
GNT_0000001876,FAC_00000568,633480,USDA,2023-09-14,2025-09-13,College of Natural Sciences,Completed,4
GNT_0000001877,FAC_00000158,128105,Private Foundation,2023-12-23,2026-12-22,College of Natural Sciences,Active,4
GNT_0000001878,FAC_00000228,17570,EPA,2019-05-03,2021-05-02,College of Natural Sciences,Completed,0
GNT_0000001879,FAC_00000121,81040,NIH,2023-11-01,2024-10-31,College of Natural Sciences,Completed,0
GNT_0000001880,FAC_00000594,2181342,DOC,2022-01-20,2023-01-20,College of Natural Sciences,Completed,20
GNT_0000001881,FAC_00000653,325945,USDA,2018-06-08,2021-06-07,College of Natural Sciences,Completed,13
GNT_0000001882,FAC_00000223,714123,USDA,2023-09-28,2025-09-27,College of Natural Sciences,Completed,18
GNT_0000001883,FAC_00000107,131010,Private Foundation,2021-06-21,2024-06-20,College of Natural Sciences,Completed,5
GNT_0000001884,FAC_00000571,109023,DOE,2020-06-16,2021-06-16,College of Natural Sciences,Completed,2
GNT_0000001885,FAC_00000135,215965,NSF,2020-12-09,2024-12-08,College of Natural Sciences,Completed,7
GNT_0000001886,FAC_00000108,26017,USDA,2020-03-03,2021-03-03,College of Natural Sciences,Completed,0
GNT_0000001887,FAC_00000615,373054,NIH,2022-07-24,2025-07-23,College of Natural Sciences,Completed,9
GNT_0000001888,FAC_00000495,852615,Private Foundation,2024-05-08,2026-05-08,College of Natural Sciences,Completed,17
GNT_0000001889,FAC_00000018,31518,Industrial Partner,2021-06-25,2022-06-25,College of Natural Sciences,Completed,0
GNT_0000001890,FAC_00000170,307209,Industrial Partner,2020-10-20,2021-10-20,College of Natural Sciences,Completed,4
GNT_0000001891,FAC_00000294,195424,Industrial Partner,2019-01-27,2023-01-26,College of Natural Sciences,Completed,9
GNT_0000001892,FAC_00000012,1542664,USDA,2019-01-19,2023-01-18,College of Natural Sciences,Completed,62
GNT_0000001893,FAC_00000456,1011466,DOD,2023-04-16,2025-04-15,College of Natural Sciences,Completed,13
GNT_0000001894,FAC_00000182,1367986,Industrial Partner,2021-09-03,2023-09-03,College of Natural Sciences,Completed,18
GNT_0000001895,FAC_00000612,124026,DOD,2024-05-22,2026-05-22,College of Natural Sciences,Completed,1
GNT_0000001896,FAC_00000569,28052,NIH,2018-07-02,2022-07-01,College of Natural Sciences,Completed,2
GNT_0000001897,FAC_00000155,31972,NIH,2023-05-16,2026-05-15,College of Natural Sciences,Completed,2
GNT_0000001898,FAC_00000621,2267820,DOC,2024-11-21,2026-11-21,College of Natural Sciences,Active,47
GNT_0000001899,FAC_00000501,719907,DOC,2024-07-24,2028-07-23,College of Natural Sciences,Active,25
GNT_0000001900,FAC_00000055,259071,DOE,2021-02-10,2024-02-10,College of Natural Sciences,Completed,5
GNT_0000001901,FAC_00000610,71968,USDA,2018-04-15,2021-04-14,College of Natural Sciences,Completed,0
GNT_0000001902,FAC_00000142,665760,DOD,2018-09-17,2021-09-16,College of Natural Sciences,Completed,16
GNT_0000001903,FAC_00000408,54635,DOC,2020-05-09,2023-05-09,College of Natural Sciences,Completed,1
GNT_0000001904,FAC_00000216,543693,Private Foundation,2021-04-15,2025-04-14,College of Natural Sciences,Completed,20
GNT_0000001905,FAC_00000513,29850,DOD,2023-01-13,2028-01-12,College of Natural Sciences,Active,1
GNT_0000001906,FAC_00000119,446195,NIH,2019-12-13,2022-12-12,College of Natural Sciences,Completed,6
GNT_0000001907,FAC_00000141,1307979,NSF,2018-02-18,2022-02-17,College of Natural Sciences,Completed,46
GNT_0000001908,FAC_00000671,503606,NSF,2020-08-27,2021-08-27,College of Natural Sciences,Completed,3
GNT_0000001909,FAC_00000504,28328,USDA,2020-11-28,2023-11-28,College of Natural Sciences,Completed,1
GNT_0000001910,FAC_00000218,2685022,USDA,2018-06-14,2020-06-13,College of Natural Sciences,Completed,55
GNT_0000001911,FAC_00000200,154807,DOE,2023-05-14,2025-05-13,College of Natural Sciences,Cancelled,3
GNT_0000001912,FAC_00000673,394354,DOE,2022-08-05,2026-08-04,College of Natural Sciences,Active,13
GNT_0000001913,FAC_00000574,33330,NIH,2020-11-13,2023-11-13,College of Natural Sciences,Completed,0
GNT_0000001914,FAC_00000484,405964,DOC,2020-04-13,2022-04-13,College of Natural Sciences,Completed,7
GNT_0000001915,FAC_00000599,530426,DOC,2019-09-26,2023-09-25,College of Natural Sciences,Completed,23
GNT_0000001916,FAC_00000578,163268,DOE,2021-02-12,2026-02-11,College of Natural Sciences,Completed,11
GNT_0000001917,FAC_00000591,78761,USDA,2019-11-10,2020-11-09,College of Natural Sciences,Completed,0
GNT_0000001918,FAC_00000055,2212958,Private Foundation,2024-12-03,2027-12-03,College of Natural Sciences,Active,67
GNT_0000001919,FAC_00000421,75400,DOE,2023-09-12,2026-09-11,College of Natural Sciences,Active,3
GNT_0000001920,FAC_00000595,47481,NSF,2020-09-24,2025-09-23,College of Natural Sciences,Completed,0
GNT_0000001921,FAC_00000356,235342,NSF,2021-10-19,2023-10-19,College of Natural Sciences,Completed,7
GNT_0000001922,FAC_00000169,297571,NSF,2018-01-02,2023-01-01,College of Natural Sciences,Completed,15
GNT_0000001923,FAC_00000575,240988,DOE,2024-03-15,2026-03-15,College of Natural Sciences,Completed,6
GNT_0000001924,FAC_00000056,142176,Industrial Partner,2022-08-23,2025-08-22,College of Natural Sciences,Completed,6
GNT_0000001925,FAC_00000308,114774,Industrial Partner,2020-03-19,2023-03-19,College of Natural Sciences,Completed,3
GNT_0000001926,FAC_00000160,149616,NIH,2019-02-01,2020-02-01,College of Natural Sciences,Completed,1
GNT_0000001927,FAC_00000465,795645,DOD,2021-09-10,2024-09-09,College of Natural Sciences,Completed,22
GNT_0000001928,FAC_00000663,259671,NIH,2019-06-02,2023-06-01,College of Natural Sciences,Completed,11
GNT_0000001929,FAC_00000615,216146,NIH,2020-12-15,2022-12-15,College of Natural Sciences,Completed,5
GNT_0000001930,FAC_00000597,409616,NSF,2024-11-27,2026-11-27,College of Natural Sciences,Active,10
GNT_0000001931,FAC_00000641,320239,NIH,2019-09-13,2022-09-12,College of Natural Sciences,Completed,9
GNT_0000001932,FAC_00000215,4160313,DOC,2023-01-10,2027-01-09,College of Natural Sciences,Active,167
GNT_0000001933,FAC_00000323,47492,USDA,2024-04-12,2027-04-12,College of Natural Sciences,Active,1
GNT_0000001934,FAC_00000414,118691,Private Foundation,2018-07-25,2020-07-24,College of Natural Sciences,Completed,4
GNT_0000001935,FAC_00000253,577831,Private Foundation,2020-07-02,2022-07-02,College of Natural Sciences,Completed,12
GNT_0000001936,FAC_00000164,118235,DOC,2024-06-02,2026-06-02,College of Natural Sciences,Completed,3
GNT_0000001937,FAC_00000558,156256,NSF,2022-04-23,2024-04-22,College of Natural Sciences,Completed,3
GNT_0000001938,FAC_00000491,107042,Private Foundation,2019-04-15,2024-04-13,College of Natural Sciences,Completed,2
GNT_0000001939,FAC_00000660,35998,Industrial Partner,2022-05-14,2025-05-13,College of Natural Sciences,Completed,0
GNT_0000001940,FAC_00000055,145305,DOD,2020-10-17,2024-10-16,College of Natural Sciences,Completed,8
GNT_0000001941,FAC_00000629,601309,EPA,2020-04-07,2022-04-07,College of Natural Sciences,Completed,12
GNT_0000001942,FAC_00000557,88278,DOC,2024-01-13,2027-01-12,College of Natural Sciences,Active,5
GNT_0000001943,FAC_00000194,22932,Industrial Partner,2019-08-21,2021-08-20,College of Natural Sciences,Cancelled,2
GNT_0000001944,FAC_00000673,206284,Industrial Partner,2019-08-22,2022-08-21,College of Natural Sciences,Completed,5
GNT_0000001945,FAC_00000073,1087335,DOE,2021-04-01,2026-03-31,College of Natural Sciences,Cancelled,57
GNT_0000001946,FAC_00000440,1385572,EPA,2020-07-16,2023-07-16,College of Natural Sciences,Completed,39
GNT_0000001947,FAC_00000055,25570,EPA,2023-12-26,2025-12-25,College of Natural Sciences,Completed,1
GNT_0000001948,FAC_00000463,29118,DOC,2019-02-18,2022-02-17,College of Natural Sciences,Completed,0
GNT_0000001949,FAC_00000195,498797,EPA,2023-03-06,2026-03-05,College of Natural Sciences,Completed,13
GNT_0000001950,FAC_00000027,140227,DOC,2022-12-06,2025-12-05,College of Natural Sciences,Completed,2
GNT_0000001951,FAC_00000247,1118201,DOC,2024-07-14,2025-07-14,College of Natural Sciences,Completed,16
GNT_0000001952,FAC_00000098,1002240,Industrial Partner,2020-08-19,2022-08-19,College of Natural Sciences,Cancelled,26
GNT_0000001953,FAC_00000625,416231,NIH,2019-11-09,2022-11-08,College of Natural Sciences,Completed,13
GNT_0000001954,FAC_00000423,1532350,USDA,2020-02-20,2024-02-19,College of Natural Sciences,Completed,63
GNT_0000001955,FAC_00000525,312250,Industrial Partner,2020-01-25,2022-01-24,College of Natural Sciences,Completed,8
GNT_0000001956,FAC_00000140,160784,EPA,2018-09-15,2020-09-14,College of Natural Sciences,Completed,5
GNT_0000001957,FAC_00000187,69284,DOE,2022-09-21,2025-09-20,College of Natural Sciences,Completed,5
GNT_0000001958,FAC_00000598,80818,USDA,2022-09-14,2025-09-13,College of Natural Sciences,Completed,2
GNT_0000001959,FAC_00000279,976010,NIH,2022-06-07,2024-06-06,College of Natural Sciences,Completed,11
GNT_0000001960,FAC_00000515,172074,EPA,2021-09-25,2024-09-24,College of Natural Sciences,Completed,2
GNT_0000001961,FAC_00000185,927258,NSF,2023-06-22,2025-06-21,College of Natural Sciences,Completed,14
GNT_0000001962,FAC_00000501,689346,Private Foundation,2020-10-26,2024-10-25,College of Natural Sciences,Completed,35
GNT_0000001963,FAC_00000191,9099,DOE,2019-01-13,2022-01-12,College of Natural Sciences,Completed,0
GNT_0000001964,FAC_00000252,373856,USDA,2024-08-25,2027-08-25,College of Natural Sciences,Active,11
GNT_0000001965,FAC_00000065,616209,NSF,2021-04-19,2023-04-19,College of Natural Sciences,Completed,10
GNT_0000001966,FAC_00000699,64816,Private Foundation,2022-07-07,2024-07-06,College of Natural Sciences,Cancelled,1
GNT_0000001967,FAC_00000483,854923,DOE,2023-05-22,2027-05-21,College of Natural Sciences,Active,28
GNT_0000001968,FAC_00000039,423545,NIH,2018-03-23,2021-03-22,College of Natural Sciences,Completed,16
GNT_0000001969,FAC_00000479,244445,DOC,2020-09-23,2025-09-22,College of Natural Sciences,Completed,15
GNT_0000001970,FAC_00000528,1229777,USDA,2022-10-28,2025-10-27,College of Natural Sciences,Completed,39
GNT_0000001971,FAC_00000012,803715,EPA,2024-09-25,2025-09-25,College of Natural Sciences,Cancelled,6
GNT_0000001972,FAC_00000235,497577,DOE,2021-08-13,2025-08-12,College of Natural Sciences,Completed,17
GNT_0000001973,FAC_00000218,356514,DOC,2021-01-24,2023-01-24,College of Natural Sciences,Completed,3
GNT_0000001974,FAC_00000271,440670,NSF,2023-06-26,2026-06-25,College of Natural Sciences,Completed,14
GNT_0000001975,FAC_00000547,1791864,NIH,2021-11-11,2024-11-10,College of Natural Sciences,Completed,63
GNT_0000001976,FAC_00000420,2042881,Private Foundation,2020-01-28,2022-01-27,College of Natural Sciences,Completed,41
GNT_0000001977,FAC_00000524,224925,NIH,2020-11-21,2021-11-21,College of Natural Sciences,Completed,4
GNT_0000001978,FAC_00000017,87731,Private Foundation,2020-05-19,2025-05-18,College of Natural Sciences,Completed,2
GNT_0000001979,FAC_00000218,1009930,NIH,2018-03-05,2019-03-05,College of Natural Sciences,Completed,13
GNT_0000001980,FAC_00000664,217222,NIH,2024-02-23,2025-02-22,College of Natural Sciences,Completed,3
GNT_0000001981,FAC_00000151,94012,NSF,2018-08-02,2021-08-01,College of Natural Sciences,Completed,1
GNT_0000001982,FAC_00000114,8219,USDA,2020-05-21,2025-05-20,College of Natural Sciences,Completed,1
GNT_0000001983,FAC_00000667,104551,NSF,2020-09-14,2023-09-14,College of Natural Sciences,Cancelled,4
GNT_0000001984,FAC_00000063,22167,Industrial Partner,2023-12-25,2027-12-24,College of Natural Sciences,Active,0
GNT_0000001985,FAC_00000245,316138,DOE,2021-02-18,2026-02-17,College of Natural Sciences,Cancelled,19
GNT_0000001986,FAC_00000073,14270,DOC,2018-07-22,2020-07-21,College of Natural Sciences,Completed,0
GNT_0000001987,FAC_00000027,5000000,DOE,2022-12-15,2027-12-14,College of Natural Sciences,Active,257
GNT_0000001988,FAC_00000313,59950,Private Foundation,2021-01-14,2026-01-13,College of Natural Sciences,Cancelled,2
GNT_0000001989,FAC_00000527,3038326,DOE,2018-07-07,2021-07-06,College of Natural Sciences,Completed,99
GNT_0000001990,FAC_00000232,696994,NIH,2018-03-27,2021-03-26,College of Natural Sciences,Completed,15
GNT_0000001991,FAC_00000222,1545391,Industrial Partner,2024-01-25,2027-01-24,College of Natural Sciences,Active,40
GNT_0000001992,FAC_00000634,26408,DOE,2024-02-13,2027-02-12,College of Natural Sciences,Active,0
GNT_0000001993,FAC_00000511,1873837,Private Foundation,2022-03-19,2026-03-18,College of Natural Sciences,Completed,72
GNT_0000001994,FAC_00000361,118163,Industrial Partner,2024-11-01,2026-11-01,College of Natural Sciences,Active,2
GNT_0000001995,FAC_00000546,176314,DOD,2020-08-07,2021-08-07,College of Natural Sciences,Completed,2
GNT_0000001996,FAC_00000440,185962,NIH,2022-10-19,2025-10-18,College of Natural Sciences,Completed,9
GNT_0000001997,FAC_00000521,522847,DOC,2024-03-25,2026-03-25,College of Natural Sciences,Completed,14
GNT_0000001998,FAC_00000166,105075,NIH,2019-09-27,2024-09-25,College of Natural Sciences,Completed,6
GNT_0000001999,FAC_00000031,165451,Industrial Partner,2021-10-03,2022-10-03,College of Natural Sciences,Completed,0
